--
-- PostgreSQL database dump
--

-- Dumped from database version 12.12 (Ubuntu 12.12-0ubuntu0.20.04.1)
-- Dumped by pg_dump version 12.12 (Ubuntu 12.12-0ubuntu0.20.04.1)

SET statement_timeout = 0;
SET lock_timeout = 0;
SET idle_in_transaction_session_timeout = 0;
SET client_encoding = 'UTF8';
SET standard_conforming_strings = on;
SELECT pg_catalog.set_config('search_path', '', false);
SET check_function_bodies = false;
SET xmloption = content;
SET client_min_messages = warning;
SET row_security = off;

SET default_tablespace = '';

SET default_table_access_method = heap;

--
-- Name: auth_group; Type: TABLE; Schema: public; Owner: mak_us1
--

CREATE TABLE public.auth_group (
    id integer NOT NULL,
    name character varying(150) NOT NULL
);


ALTER TABLE public.auth_group OWNER TO mak_us1;

--
-- Name: auth_group_id_seq; Type: SEQUENCE; Schema: public; Owner: mak_us1
--

ALTER TABLE public.auth_group ALTER COLUMN id ADD GENERATED BY DEFAULT AS IDENTITY (
    SEQUENCE NAME public.auth_group_id_seq
    START WITH 1
    INCREMENT BY 1
    NO MINVALUE
    NO MAXVALUE
    CACHE 1
);


--
-- Name: auth_group_permissions; Type: TABLE; Schema: public; Owner: mak_us1
--

CREATE TABLE public.auth_group_permissions (
    id bigint NOT NULL,
    group_id integer NOT NULL,
    permission_id integer NOT NULL
);


ALTER TABLE public.auth_group_permissions OWNER TO mak_us1;

--
-- Name: auth_group_permissions_id_seq; Type: SEQUENCE; Schema: public; Owner: mak_us1
--

ALTER TABLE public.auth_group_permissions ALTER COLUMN id ADD GENERATED BY DEFAULT AS IDENTITY (
    SEQUENCE NAME public.auth_group_permissions_id_seq
    START WITH 1
    INCREMENT BY 1
    NO MINVALUE
    NO MAXVALUE
    CACHE 1
);


--
-- Name: auth_permission; Type: TABLE; Schema: public; Owner: mak_us1
--

CREATE TABLE public.auth_permission (
    id integer NOT NULL,
    name character varying(255) NOT NULL,
    content_type_id integer NOT NULL,
    codename character varying(100) NOT NULL
);


ALTER TABLE public.auth_permission OWNER TO mak_us1;

--
-- Name: auth_permission_id_seq; Type: SEQUENCE; Schema: public; Owner: mak_us1
--

ALTER TABLE public.auth_permission ALTER COLUMN id ADD GENERATED BY DEFAULT AS IDENTITY (
    SEQUENCE NAME public.auth_permission_id_seq
    START WITH 1
    INCREMENT BY 1
    NO MINVALUE
    NO MAXVALUE
    CACHE 1
);


--
-- Name: authtoken_token; Type: TABLE; Schema: public; Owner: mak_us1
--

CREATE TABLE public.authtoken_token (
    key character varying(40) NOT NULL,
    created timestamp with time zone NOT NULL,
    user_id bigint NOT NULL
);


ALTER TABLE public.authtoken_token OWNER TO mak_us1;

--
-- Name: carousel_carouselmodel; Type: TABLE; Schema: public; Owner: mak_us1
--

CREATE TABLE public.carousel_carouselmodel (
    id bigint NOT NULL,
    image character varying(100),
    created_at timestamp with time zone NOT NULL
);


ALTER TABLE public.carousel_carouselmodel OWNER TO mak_us1;

--
-- Name: carousel_carouselmodel_id_seq; Type: SEQUENCE; Schema: public; Owner: mak_us1
--

ALTER TABLE public.carousel_carouselmodel ALTER COLUMN id ADD GENERATED BY DEFAULT AS IDENTITY (
    SEQUENCE NAME public.carousel_carouselmodel_id_seq
    START WITH 1
    INCREMENT BY 1
    NO MINVALUE
    NO MAXVALUE
    CACHE 1
);


--
-- Name: django_admin_log; Type: TABLE; Schema: public; Owner: mak_us1
--

CREATE TABLE public.django_admin_log (
    id integer NOT NULL,
    action_time timestamp with time zone NOT NULL,
    object_id text,
    object_repr character varying(200) NOT NULL,
    action_flag smallint NOT NULL,
    change_message text NOT NULL,
    content_type_id integer,
    user_id bigint NOT NULL,
    CONSTRAINT django_admin_log_action_flag_check CHECK ((action_flag >= 0))
);


ALTER TABLE public.django_admin_log OWNER TO mak_us1;

--
-- Name: django_admin_log_id_seq; Type: SEQUENCE; Schema: public; Owner: mak_us1
--

ALTER TABLE public.django_admin_log ALTER COLUMN id ADD GENERATED BY DEFAULT AS IDENTITY (
    SEQUENCE NAME public.django_admin_log_id_seq
    START WITH 1
    INCREMENT BY 1
    NO MINVALUE
    NO MAXVALUE
    CACHE 1
);


--
-- Name: django_celery_beat_clockedschedule; Type: TABLE; Schema: public; Owner: mak_us1
--

CREATE TABLE public.django_celery_beat_clockedschedule (
    id integer NOT NULL,
    clocked_time timestamp with time zone NOT NULL
);


ALTER TABLE public.django_celery_beat_clockedschedule OWNER TO mak_us1;

--
-- Name: django_celery_beat_clockedschedule_id_seq; Type: SEQUENCE; Schema: public; Owner: mak_us1
--

ALTER TABLE public.django_celery_beat_clockedschedule ALTER COLUMN id ADD GENERATED BY DEFAULT AS IDENTITY (
    SEQUENCE NAME public.django_celery_beat_clockedschedule_id_seq
    START WITH 1
    INCREMENT BY 1
    NO MINVALUE
    NO MAXVALUE
    CACHE 1
);


--
-- Name: django_celery_beat_crontabschedule; Type: TABLE; Schema: public; Owner: mak_us1
--

CREATE TABLE public.django_celery_beat_crontabschedule (
    id integer NOT NULL,
    minute character varying(240) NOT NULL,
    hour character varying(96) NOT NULL,
    day_of_week character varying(64) NOT NULL,
    day_of_month character varying(124) NOT NULL,
    month_of_year character varying(64) NOT NULL,
    timezone character varying(63) NOT NULL
);


ALTER TABLE public.django_celery_beat_crontabschedule OWNER TO mak_us1;

--
-- Name: django_celery_beat_crontabschedule_id_seq; Type: SEQUENCE; Schema: public; Owner: mak_us1
--

ALTER TABLE public.django_celery_beat_crontabschedule ALTER COLUMN id ADD GENERATED BY DEFAULT AS IDENTITY (
    SEQUENCE NAME public.django_celery_beat_crontabschedule_id_seq
    START WITH 1
    INCREMENT BY 1
    NO MINVALUE
    NO MAXVALUE
    CACHE 1
);


--
-- Name: django_celery_beat_intervalschedule; Type: TABLE; Schema: public; Owner: mak_us1
--

CREATE TABLE public.django_celery_beat_intervalschedule (
    id integer NOT NULL,
    every integer NOT NULL,
    period character varying(24) NOT NULL
);


ALTER TABLE public.django_celery_beat_intervalschedule OWNER TO mak_us1;

--
-- Name: django_celery_beat_intervalschedule_id_seq; Type: SEQUENCE; Schema: public; Owner: mak_us1
--

ALTER TABLE public.django_celery_beat_intervalschedule ALTER COLUMN id ADD GENERATED BY DEFAULT AS IDENTITY (
    SEQUENCE NAME public.django_celery_beat_intervalschedule_id_seq
    START WITH 1
    INCREMENT BY 1
    NO MINVALUE
    NO MAXVALUE
    CACHE 1
);


--
-- Name: django_celery_beat_periodictask; Type: TABLE; Schema: public; Owner: mak_us1
--

CREATE TABLE public.django_celery_beat_periodictask (
    id integer NOT NULL,
    name character varying(200) NOT NULL,
    task character varying(200) NOT NULL,
    args text NOT NULL,
    kwargs text NOT NULL,
    queue character varying(200),
    exchange character varying(200),
    routing_key character varying(200),
    expires timestamp with time zone,
    enabled boolean NOT NULL,
    last_run_at timestamp with time zone,
    total_run_count integer NOT NULL,
    date_changed timestamp with time zone NOT NULL,
    description text NOT NULL,
    crontab_id integer,
    interval_id integer,
    solar_id integer,
    one_off boolean NOT NULL,
    start_time timestamp with time zone,
    priority integer,
    headers text NOT NULL,
    clocked_id integer,
    expire_seconds integer,
    CONSTRAINT django_celery_beat_periodictask_expire_seconds_check CHECK ((expire_seconds >= 0)),
    CONSTRAINT django_celery_beat_periodictask_priority_check CHECK ((priority >= 0)),
    CONSTRAINT django_celery_beat_periodictask_total_run_count_check CHECK ((total_run_count >= 0))
);


ALTER TABLE public.django_celery_beat_periodictask OWNER TO mak_us1;

--
-- Name: django_celery_beat_periodictask_id_seq; Type: SEQUENCE; Schema: public; Owner: mak_us1
--

ALTER TABLE public.django_celery_beat_periodictask ALTER COLUMN id ADD GENERATED BY DEFAULT AS IDENTITY (
    SEQUENCE NAME public.django_celery_beat_periodictask_id_seq
    START WITH 1
    INCREMENT BY 1
    NO MINVALUE
    NO MAXVALUE
    CACHE 1
);


--
-- Name: django_celery_beat_periodictasks; Type: TABLE; Schema: public; Owner: mak_us1
--

CREATE TABLE public.django_celery_beat_periodictasks (
    ident smallint NOT NULL,
    last_update timestamp with time zone NOT NULL
);


ALTER TABLE public.django_celery_beat_periodictasks OWNER TO mak_us1;

--
-- Name: django_celery_beat_solarschedule; Type: TABLE; Schema: public; Owner: mak_us1
--

CREATE TABLE public.django_celery_beat_solarschedule (
    id integer NOT NULL,
    event character varying(24) NOT NULL,
    latitude numeric(9,6) NOT NULL,
    longitude numeric(9,6) NOT NULL
);


ALTER TABLE public.django_celery_beat_solarschedule OWNER TO mak_us1;

--
-- Name: django_celery_beat_solarschedule_id_seq; Type: SEQUENCE; Schema: public; Owner: mak_us1
--

ALTER TABLE public.django_celery_beat_solarschedule ALTER COLUMN id ADD GENERATED BY DEFAULT AS IDENTITY (
    SEQUENCE NAME public.django_celery_beat_solarschedule_id_seq
    START WITH 1
    INCREMENT BY 1
    NO MINVALUE
    NO MAXVALUE
    CACHE 1
);


--
-- Name: django_content_type; Type: TABLE; Schema: public; Owner: mak_us1
--

CREATE TABLE public.django_content_type (
    id integer NOT NULL,
    app_label character varying(100) NOT NULL,
    model character varying(100) NOT NULL
);


ALTER TABLE public.django_content_type OWNER TO mak_us1;

--
-- Name: django_content_type_id_seq; Type: SEQUENCE; Schema: public; Owner: mak_us1
--

ALTER TABLE public.django_content_type ALTER COLUMN id ADD GENERATED BY DEFAULT AS IDENTITY (
    SEQUENCE NAME public.django_content_type_id_seq
    START WITH 1
    INCREMENT BY 1
    NO MINVALUE
    NO MAXVALUE
    CACHE 1
);


--
-- Name: django_migrations; Type: TABLE; Schema: public; Owner: mak_us1
--

CREATE TABLE public.django_migrations (
    id bigint NOT NULL,
    app character varying(255) NOT NULL,
    name character varying(255) NOT NULL,
    applied timestamp with time zone NOT NULL
);


ALTER TABLE public.django_migrations OWNER TO mak_us1;

--
-- Name: django_migrations_id_seq; Type: SEQUENCE; Schema: public; Owner: mak_us1
--

ALTER TABLE public.django_migrations ALTER COLUMN id ADD GENERATED BY DEFAULT AS IDENTITY (
    SEQUENCE NAME public.django_migrations_id_seq
    START WITH 1
    INCREMENT BY 1
    NO MINVALUE
    NO MAXVALUE
    CACHE 1
);


--
-- Name: django_session; Type: TABLE; Schema: public; Owner: mak_us1
--

CREATE TABLE public.django_session (
    session_key character varying(40) NOT NULL,
    session_data text NOT NULL,
    expire_date timestamp with time zone NOT NULL
);


ALTER TABLE public.django_session OWNER TO mak_us1;

--
-- Name: masters_howservicemodel; Type: TABLE; Schema: public; Owner: mak_us1
--

CREATE TABLE public.masters_howservicemodel (
    id bigint NOT NULL,
    title character varying(300),
    created_at timestamp with time zone NOT NULL
);


ALTER TABLE public.masters_howservicemodel OWNER TO mak_us1;

--
-- Name: masters_howservicemodel_id_seq; Type: SEQUENCE; Schema: public; Owner: mak_us1
--

ALTER TABLE public.masters_howservicemodel ALTER COLUMN id ADD GENERATED BY DEFAULT AS IDENTITY (
    SEQUENCE NAME public.masters_howservicemodel_id_seq
    START WITH 1
    INCREMENT BY 1
    NO MINVALUE
    NO MAXVALUE
    CACHE 1
);


--
-- Name: masters_masterimagesmodel; Type: TABLE; Schema: public; Owner: mak_us1
--

CREATE TABLE public.masters_masterimagesmodel (
    id bigint NOT NULL,
    images character varying(100),
    master_id bigint NOT NULL
);


ALTER TABLE public.masters_masterimagesmodel OWNER TO mak_us1;

--
-- Name: masters_masterimagesmodel_id_seq; Type: SEQUENCE; Schema: public; Owner: mak_us1
--

ALTER TABLE public.masters_masterimagesmodel ALTER COLUMN id ADD GENERATED BY DEFAULT AS IDENTITY (
    SEQUENCE NAME public.masters_masterimagesmodel_id_seq
    START WITH 1
    INCREMENT BY 1
    NO MINVALUE
    NO MAXVALUE
    CACHE 1
);


--
-- Name: masters_mastermodel; Type: TABLE; Schema: public; Owner: mak_us1
--

CREATE TABLE public.masters_mastermodel (
    id bigint NOT NULL,
    name character varying(100) NOT NULL,
    email character varying(254) NOT NULL,
    phone character varying(30) NOT NULL,
    password character varying(100) NOT NULL,
    address_title character varying(300),
    address_latitude double precision,
    address_longitude double precision,
    avatar character varying(100),
    descriptions text NOT NULL,
    experience integer,
    "isBookmarked" boolean NOT NULL,
    created_at timestamp with time zone NOT NULL,
    draft boolean NOT NULL,
    view_count integer,
    product_status integer,
    how_service_id bigint,
    owner_id bigint,
    CONSTRAINT masters_mastermodel_view_count_check CHECK ((view_count >= 0))
);


ALTER TABLE public.masters_mastermodel OWNER TO mak_us1;

--
-- Name: masters_mastermodel_id_seq; Type: SEQUENCE; Schema: public; Owner: mak_us1
--

ALTER TABLE public.masters_mastermodel ALTER COLUMN id ADD GENERATED BY DEFAULT AS IDENTITY (
    SEQUENCE NAME public.masters_mastermodel_id_seq
    START WITH 1
    INCREMENT BY 1
    NO MINVALUE
    NO MAXVALUE
    CACHE 1
);


--
-- Name: masters_mastermodel_profession; Type: TABLE; Schema: public; Owner: mak_us1
--

CREATE TABLE public.masters_mastermodel_profession (
    id bigint NOT NULL,
    mastermodel_id bigint NOT NULL,
    masterprofessionmodel_id bigint NOT NULL
);


ALTER TABLE public.masters_mastermodel_profession OWNER TO mak_us1;

--
-- Name: masters_mastermodel_profession_id_seq; Type: SEQUENCE; Schema: public; Owner: mak_us1
--

ALTER TABLE public.masters_mastermodel_profession ALTER COLUMN id ADD GENERATED BY DEFAULT AS IDENTITY (
    SEQUENCE NAME public.masters_mastermodel_profession_id_seq
    START WITH 1
    INCREMENT BY 1
    NO MINVALUE
    NO MAXVALUE
    CACHE 1
);


--
-- Name: masters_masterprofessionmodel; Type: TABLE; Schema: public; Owner: mak_us1
--

CREATE TABLE public.masters_masterprofessionmodel (
    id bigint NOT NULL,
    title character varying(200) NOT NULL,
    created_at timestamp with time zone NOT NULL
);


ALTER TABLE public.masters_masterprofessionmodel OWNER TO mak_us1;

--
-- Name: masters_masterprofessionmodel_id_seq; Type: SEQUENCE; Schema: public; Owner: mak_us1
--

ALTER TABLE public.masters_masterprofessionmodel ALTER COLUMN id ADD GENERATED BY DEFAULT AS IDENTITY (
    SEQUENCE NAME public.masters_masterprofessionmodel_id_seq
    START WITH 1
    INCREMENT BY 1
    NO MINVALUE
    NO MAXVALUE
    CACHE 1
);


--
-- Name: masters_masteruserwishlistmodel; Type: TABLE; Schema: public; Owner: mak_us1
--

CREATE TABLE public.masters_masteruserwishlistmodel (
    id bigint NOT NULL,
    created_at timestamp with time zone NOT NULL,
    master_id bigint,
    user_id bigint
);


ALTER TABLE public.masters_masteruserwishlistmodel OWNER TO mak_us1;

--
-- Name: masters_masteruserwishlistmodel_id_seq; Type: SEQUENCE; Schema: public; Owner: mak_us1
--

ALTER TABLE public.masters_masteruserwishlistmodel ALTER COLUMN id ADD GENERATED BY DEFAULT AS IDENTITY (
    SEQUENCE NAME public.masters_masteruserwishlistmodel_id_seq
    START WITH 1
    INCREMENT BY 1
    NO MINVALUE
    NO MAXVALUE
    CACHE 1
);


--
-- Name: mebel_mebelcategorymodel; Type: TABLE; Schema: public; Owner: mak_us1
--

CREATE TABLE public.mebel_mebelcategorymodel (
    id bigint NOT NULL,
    title character varying(250) NOT NULL,
    created_at timestamp with time zone NOT NULL
);


ALTER TABLE public.mebel_mebelcategorymodel OWNER TO mak_us1;

--
-- Name: mebel_mebelcategorymodel_id_seq; Type: SEQUENCE; Schema: public; Owner: mak_us1
--

ALTER TABLE public.mebel_mebelcategorymodel ALTER COLUMN id ADD GENERATED BY DEFAULT AS IDENTITY (
    SEQUENCE NAME public.mebel_mebelcategorymodel_id_seq
    START WITH 1
    INCREMENT BY 1
    NO MINVALUE
    NO MAXVALUE
    CACHE 1
);


--
-- Name: mebel_mebelmodel; Type: TABLE; Schema: public; Owner: mak_us1
--

CREATE TABLE public.mebel_mebelmodel (
    id bigint NOT NULL,
    title character varying(400) NOT NULL,
    price integer,
    phone_number character varying(30),
    web_address_title character varying(400),
    web_address_latitude double precision,
    web_address_longtitude double precision,
    short_descriptions text,
    long_descriptions text,
    draft boolean,
    view_count integer,
    product_status integer,
    "isBookmarked" boolean NOT NULL,
    created_at timestamp with time zone,
    category_id bigint,
    creator_id bigint,
    price_type_id bigint,
    CONSTRAINT mebel_mebelmodel_view_count_check CHECK ((view_count >= 0))
);


ALTER TABLE public.mebel_mebelmodel OWNER TO mak_us1;

--
-- Name: mebel_mebelmodel_id_seq; Type: SEQUENCE; Schema: public; Owner: mak_us1
--

ALTER TABLE public.mebel_mebelmodel ALTER COLUMN id ADD GENERATED BY DEFAULT AS IDENTITY (
    SEQUENCE NAME public.mebel_mebelmodel_id_seq
    START WITH 1
    INCREMENT BY 1
    NO MINVALUE
    NO MAXVALUE
    CACHE 1
);


--
-- Name: mebel_newmebelimages; Type: TABLE; Schema: public; Owner: mak_us1
--

CREATE TABLE public.mebel_newmebelimages (
    id bigint NOT NULL,
    images character varying(100),
    product_id bigint NOT NULL
);


ALTER TABLE public.mebel_newmebelimages OWNER TO mak_us1;

--
-- Name: mebel_newmebelimages_id_seq; Type: SEQUENCE; Schema: public; Owner: mak_us1
--

ALTER TABLE public.mebel_newmebelimages ALTER COLUMN id ADD GENERATED BY DEFAULT AS IDENTITY (
    SEQUENCE NAME public.mebel_newmebelimages_id_seq
    START WITH 1
    INCREMENT BY 1
    NO MINVALUE
    NO MAXVALUE
    CACHE 1
);


--
-- Name: products_amenitiesmodel; Type: TABLE; Schema: public; Owner: mak_us1
--

CREATE TABLE public.products_amenitiesmodel (
    id bigint NOT NULL,
    title character varying(300) NOT NULL,
    image character varying(100) NOT NULL,
    created_at timestamp with time zone NOT NULL
);


ALTER TABLE public.products_amenitiesmodel OWNER TO mak_us1;

--
-- Name: products_amenitiesmodel_id_seq; Type: SEQUENCE; Schema: public; Owner: mak_us1
--

ALTER TABLE public.products_amenitiesmodel ALTER COLUMN id ADD GENERATED BY DEFAULT AS IDENTITY (
    SEQUENCE NAME public.products_amenitiesmodel_id_seq
    START WITH 1
    INCREMENT BY 1
    NO MINVALUE
    NO MAXVALUE
    CACHE 1
);


--
-- Name: products_categorymodel; Type: TABLE; Schema: public; Owner: mak_us1
--

CREATE TABLE public.products_categorymodel (
    id bigint NOT NULL,
    title character varying(500) NOT NULL,
    subtitle text,
    image character varying(100) NOT NULL,
    created_at timestamp with time zone NOT NULL
);


ALTER TABLE public.products_categorymodel OWNER TO mak_us1;

--
-- Name: products_categorymodel_id_seq; Type: SEQUENCE; Schema: public; Owner: mak_us1
--

ALTER TABLE public.products_categorymodel ALTER COLUMN id ADD GENERATED BY DEFAULT AS IDENTITY (
    SEQUENCE NAME public.products_categorymodel_id_seq
    START WITH 1
    INCREMENT BY 1
    NO MINVALUE
    NO MAXVALUE
    CACHE 1
);


--
-- Name: products_houseimagemodel; Type: TABLE; Schema: public; Owner: mak_us1
--

CREATE TABLE public.products_houseimagemodel (
    id bigint NOT NULL,
    image character varying(100) NOT NULL,
    created_at timestamp with time zone NOT NULL,
    property_id_id bigint NOT NULL
);


ALTER TABLE public.products_houseimagemodel OWNER TO mak_us1;

--
-- Name: products_houseimagemodel_id_seq; Type: SEQUENCE; Schema: public; Owner: mak_us1
--

ALTER TABLE public.products_houseimagemodel ALTER COLUMN id ADD GENERATED BY DEFAULT AS IDENTITY (
    SEQUENCE NAME public.products_houseimagemodel_id_seq
    START WITH 1
    INCREMENT BY 1
    NO MINVALUE
    NO MAXVALUE
    CACHE 1
);


--
-- Name: products_housemodel; Type: TABLE; Schema: public; Owner: mak_us1
--

CREATE TABLE public.products_housemodel (
    id bigint NOT NULL,
    title character varying(600) NOT NULL,
    view_count integer,
    descriptions text NOT NULL,
    price character varying(100) NOT NULL,
    app_currency character varying(10),
    app_type character varying(80),
    "typeOfRent" character varying(90),
    "typeOfHouse" character varying(90),
    "typeOfObject" character varying(90),
    app_ipoteka boolean,
    app_mebel boolean,
    app_new_building boolean,
    type character varying(200),
    youtube_link character varying(500),
    web_address_title character varying(400),
    web_address_latitude double precision,
    web_address_longtitude double precision,
    pm_general character varying(400),
    web_type character varying(400),
    web_rental_type character varying(400),
    pm_residential character varying(500),
    pm_kitchen character varying(300),
    web_building_type character varying(600),
    rental_type character varying(200),
    object character varying(200),
    property_type character varying(100),
    image character varying(100),
    general character varying(90) NOT NULL,
    residential character varying(90) NOT NULL,
    number_of_rooms character varying(30) NOT NULL,
    floor character varying(30) NOT NULL,
    floor_from character varying(30) NOT NULL,
    building_type character varying(50),
    phone_number character varying(19),
    "isBookmarked" boolean NOT NULL,
    created_at timestamp with time zone NOT NULL,
    draft boolean,
    product_status integer,
    address_id bigint,
    category_id bigint,
    creator_id bigint,
    how_sale_id bigint,
    price_type_id bigint,
    CONSTRAINT products_housemodel_view_count_check CHECK ((view_count >= 0))
);


ALTER TABLE public.products_housemodel OWNER TO mak_us1;

--
-- Name: products_housemodel_amenities; Type: TABLE; Schema: public; Owner: mak_us1
--

CREATE TABLE public.products_housemodel_amenities (
    id bigint NOT NULL,
    housemodel_id bigint NOT NULL,
    amenitiesmodel_id bigint NOT NULL
);


ALTER TABLE public.products_housemodel_amenities OWNER TO mak_us1;

--
-- Name: products_housemodel_amenities_id_seq; Type: SEQUENCE; Schema: public; Owner: mak_us1
--

ALTER TABLE public.products_housemodel_amenities ALTER COLUMN id ADD GENERATED BY DEFAULT AS IDENTITY (
    SEQUENCE NAME public.products_housemodel_amenities_id_seq
    START WITH 1
    INCREMENT BY 1
    NO MINVALUE
    NO MAXVALUE
    CACHE 1
);


--
-- Name: products_housemodel_id_seq; Type: SEQUENCE; Schema: public; Owner: mak_us1
--

ALTER TABLE public.products_housemodel ALTER COLUMN id ADD GENERATED BY DEFAULT AS IDENTITY (
    SEQUENCE NAME public.products_housemodel_id_seq
    START WITH 1
    INCREMENT BY 1
    NO MINVALUE
    NO MAXVALUE
    CACHE 1
);


--
-- Name: products_howsalemodel; Type: TABLE; Schema: public; Owner: mak_us1
--

CREATE TABLE public.products_howsalemodel (
    id bigint NOT NULL,
    title character varying(300),
    created_at timestamp with time zone NOT NULL
);


ALTER TABLE public.products_howsalemodel OWNER TO mak_us1;

--
-- Name: products_howsalemodel_id_seq; Type: SEQUENCE; Schema: public; Owner: mak_us1
--

ALTER TABLE public.products_howsalemodel ALTER COLUMN id ADD GENERATED BY DEFAULT AS IDENTITY (
    SEQUENCE NAME public.products_howsalemodel_id_seq
    START WITH 1
    INCREMENT BY 1
    NO MINVALUE
    NO MAXVALUE
    CACHE 1
);


--
-- Name: products_imagesmodel; Type: TABLE; Schema: public; Owner: mak_us1
--

CREATE TABLE public.products_imagesmodel (
    id bigint NOT NULL,
    image character varying(100)
);


ALTER TABLE public.products_imagesmodel OWNER TO mak_us1;

--
-- Name: products_imagesmodel_id_seq; Type: SEQUENCE; Schema: public; Owner: mak_us1
--

ALTER TABLE public.products_imagesmodel ALTER COLUMN id ADD GENERATED BY DEFAULT AS IDENTITY (
    SEQUENCE NAME public.products_imagesmodel_id_seq
    START WITH 1
    INCREMENT BY 1
    NO MINVALUE
    NO MAXVALUE
    CACHE 1
);


--
-- Name: products_mapmodel; Type: TABLE; Schema: public; Owner: mak_us1
--

CREATE TABLE public.products_mapmodel (
    id bigint NOT NULL,
    "addressName" character varying(200) NOT NULL,
    latitude double precision NOT NULL,
    longtitude double precision NOT NULL,
    created_at timestamp with time zone NOT NULL
);


ALTER TABLE public.products_mapmodel OWNER TO mak_us1;

--
-- Name: products_mapmodel_id_seq; Type: SEQUENCE; Schema: public; Owner: mak_us1
--

ALTER TABLE public.products_mapmodel ALTER COLUMN id ADD GENERATED BY DEFAULT AS IDENTITY (
    SEQUENCE NAME public.products_mapmodel_id_seq
    START WITH 1
    INCREMENT BY 1
    NO MINVALUE
    NO MAXVALUE
    CACHE 1
);


--
-- Name: products_newhouseimages; Type: TABLE; Schema: public; Owner: mak_us1
--

CREATE TABLE public.products_newhouseimages (
    id bigint NOT NULL,
    images character varying(100),
    product_id bigint NOT NULL
);


ALTER TABLE public.products_newhouseimages OWNER TO mak_us1;

--
-- Name: products_newhouseimages_id_seq; Type: SEQUENCE; Schema: public; Owner: mak_us1
--

ALTER TABLE public.products_newhouseimages ALTER COLUMN id ADD GENERATED BY DEFAULT AS IDENTITY (
    SEQUENCE NAME public.products_newhouseimages_id_seq
    START WITH 1
    INCREMENT BY 1
    NO MINVALUE
    NO MAXVALUE
    CACHE 1
);


--
-- Name: products_pricelistmodel; Type: TABLE; Schema: public; Owner: mak_us1
--

CREATE TABLE public.products_pricelistmodel (
    id bigint NOT NULL,
    price_t character varying(10),
    created_at timestamp with time zone NOT NULL
);


ALTER TABLE public.products_pricelistmodel OWNER TO mak_us1;

--
-- Name: products_pricelistmodel_id_seq; Type: SEQUENCE; Schema: public; Owner: mak_us1
--

ALTER TABLE public.products_pricelistmodel ALTER COLUMN id ADD GENERATED BY DEFAULT AS IDENTITY (
    SEQUENCE NAME public.products_pricelistmodel_id_seq
    START WITH 1
    INCREMENT BY 1
    NO MINVALUE
    NO MAXVALUE
    CACHE 1
);


--
-- Name: products_userwishlistmodel; Type: TABLE; Schema: public; Owner: mak_us1
--

CREATE TABLE public.products_userwishlistmodel (
    id bigint NOT NULL,
    created_at timestamp with time zone NOT NULL,
    product_id bigint,
    user_id bigint
);


ALTER TABLE public.products_userwishlistmodel OWNER TO mak_us1;

--
-- Name: products_userwishlistmodel_id_seq; Type: SEQUENCE; Schema: public; Owner: mak_us1
--

ALTER TABLE public.products_userwishlistmodel ALTER COLUMN id ADD GENERATED BY DEFAULT AS IDENTITY (
    SEQUENCE NAME public.products_userwishlistmodel_id_seq
    START WITH 1
    INCREMENT BY 1
    NO MINVALUE
    NO MAXVALUE
    CACHE 1
);


--
-- Name: store_howstoreservicemodel; Type: TABLE; Schema: public; Owner: mak_us1
--

CREATE TABLE public.store_howstoreservicemodel (
    id bigint NOT NULL,
    title character varying(300),
    created_at timestamp with time zone NOT NULL
);


ALTER TABLE public.store_howstoreservicemodel OWNER TO mak_us1;

--
-- Name: store_howstoreservicemodel_id_seq; Type: SEQUENCE; Schema: public; Owner: mak_us1
--

ALTER TABLE public.store_howstoreservicemodel ALTER COLUMN id ADD GENERATED BY DEFAULT AS IDENTITY (
    SEQUENCE NAME public.store_howstoreservicemodel_id_seq
    START WITH 1
    INCREMENT BY 1
    NO MINVALUE
    NO MAXVALUE
    CACHE 1
);


--
-- Name: store_storeamenities; Type: TABLE; Schema: public; Owner: mak_us1
--

CREATE TABLE public.store_storeamenities (
    id bigint NOT NULL,
    title character varying(90) NOT NULL,
    created_at timestamp with time zone NOT NULL
);


ALTER TABLE public.store_storeamenities OWNER TO mak_us1;

--
-- Name: store_storeamenities_id_seq; Type: SEQUENCE; Schema: public; Owner: mak_us1
--

ALTER TABLE public.store_storeamenities ALTER COLUMN id ADD GENERATED BY DEFAULT AS IDENTITY (
    SEQUENCE NAME public.store_storeamenities_id_seq
    START WITH 1
    INCREMENT BY 1
    NO MINVALUE
    NO MAXVALUE
    CACHE 1
);


--
-- Name: store_storebrandmodel; Type: TABLE; Schema: public; Owner: mak_us1
--

CREATE TABLE public.store_storebrandmodel (
    id bigint NOT NULL,
    title character varying(300) NOT NULL,
    created_at timestamp with time zone NOT NULL
);


ALTER TABLE public.store_storebrandmodel OWNER TO mak_us1;

--
-- Name: store_storebrandmodel_id_seq; Type: SEQUENCE; Schema: public; Owner: mak_us1
--

ALTER TABLE public.store_storebrandmodel ALTER COLUMN id ADD GENERATED BY DEFAULT AS IDENTITY (
    SEQUENCE NAME public.store_storebrandmodel_id_seq
    START WITH 1
    INCREMENT BY 1
    NO MINVALUE
    NO MAXVALUE
    CACHE 1
);


--
-- Name: store_storemodel; Type: TABLE; Schema: public; Owner: mak_us1
--

CREATE TABLE public.store_storemodel (
    id bigint NOT NULL,
    name character varying(200) NOT NULL,
    description text NOT NULL,
    image character varying(100),
    brand_image character varying(100),
    price integer,
    "phoneNumber" character varying(25) NOT NULL,
    address character varying(400),
    email character varying(254) NOT NULL,
    "isBookmarked" boolean NOT NULL,
    created_at timestamp with time zone NOT NULL,
    draft boolean NOT NULL,
    view_count integer,
    product_status integer,
    brand_title_id bigint,
    creator_id bigint,
    how_store_service_id bigint,
    price_type_id bigint,
    use_for_id bigint,
    CONSTRAINT store_storemodel_price_check CHECK ((price >= 0)),
    CONSTRAINT store_storemodel_view_count_check CHECK ((view_count >= 0))
);


ALTER TABLE public.store_storemodel OWNER TO mak_us1;

--
-- Name: store_storemodel_id_seq; Type: SEQUENCE; Schema: public; Owner: mak_us1
--

ALTER TABLE public.store_storemodel ALTER COLUMN id ADD GENERATED BY DEFAULT AS IDENTITY (
    SEQUENCE NAME public.store_storemodel_id_seq
    START WITH 1
    INCREMENT BY 1
    NO MINVALUE
    NO MAXVALUE
    CACHE 1
);


--
-- Name: store_storemodel_store_amenitites; Type: TABLE; Schema: public; Owner: mak_us1
--

CREATE TABLE public.store_storemodel_store_amenitites (
    id bigint NOT NULL,
    storemodel_id bigint NOT NULL,
    storeamenities_id bigint NOT NULL
);


ALTER TABLE public.store_storemodel_store_amenitites OWNER TO mak_us1;

--
-- Name: store_storemodel_store_amenitites_id_seq; Type: SEQUENCE; Schema: public; Owner: mak_us1
--

ALTER TABLE public.store_storemodel_store_amenitites ALTER COLUMN id ADD GENERATED BY DEFAULT AS IDENTITY (
    SEQUENCE NAME public.store_storemodel_store_amenitites_id_seq
    START WITH 1
    INCREMENT BY 1
    NO MINVALUE
    NO MAXVALUE
    CACHE 1
);


--
-- Name: store_useformodel; Type: TABLE; Schema: public; Owner: mak_us1
--

CREATE TABLE public.store_useformodel (
    id bigint NOT NULL,
    title character varying(300) NOT NULL,
    created_at timestamp with time zone NOT NULL
);


ALTER TABLE public.store_useformodel OWNER TO mak_us1;

--
-- Name: store_useformodel_id_seq; Type: SEQUENCE; Schema: public; Owner: mak_us1
--

ALTER TABLE public.store_useformodel ALTER COLUMN id ADD GENERATED BY DEFAULT AS IDENTITY (
    SEQUENCE NAME public.store_useformodel_id_seq
    START WITH 1
    INCREMENT BY 1
    NO MINVALUE
    NO MAXVALUE
    CACHE 1
);


--
-- Name: token_blacklist_blacklistedtoken; Type: TABLE; Schema: public; Owner: mak_us1
--

CREATE TABLE public.token_blacklist_blacklistedtoken (
    id bigint NOT NULL,
    blacklisted_at timestamp with time zone NOT NULL,
    token_id bigint NOT NULL
);


ALTER TABLE public.token_blacklist_blacklistedtoken OWNER TO mak_us1;

--
-- Name: token_blacklist_blacklistedtoken_id_seq; Type: SEQUENCE; Schema: public; Owner: mak_us1
--

ALTER TABLE public.token_blacklist_blacklistedtoken ALTER COLUMN id ADD GENERATED BY DEFAULT AS IDENTITY (
    SEQUENCE NAME public.token_blacklist_blacklistedtoken_id_seq
    START WITH 1
    INCREMENT BY 1
    NO MINVALUE
    NO MAXVALUE
    CACHE 1
);


--
-- Name: token_blacklist_outstandingtoken; Type: TABLE; Schema: public; Owner: mak_us1
--

CREATE TABLE public.token_blacklist_outstandingtoken (
    id bigint NOT NULL,
    token text NOT NULL,
    created_at timestamp with time zone,
    expires_at timestamp with time zone NOT NULL,
    user_id bigint,
    jti character varying(255) NOT NULL
);


ALTER TABLE public.token_blacklist_outstandingtoken OWNER TO mak_us1;

--
-- Name: token_blacklist_outstandingtoken_id_seq; Type: SEQUENCE; Schema: public; Owner: mak_us1
--

ALTER TABLE public.token_blacklist_outstandingtoken ALTER COLUMN id ADD GENERATED BY DEFAULT AS IDENTITY (
    SEQUENCE NAME public.token_blacklist_outstandingtoken_id_seq
    START WITH 1
    INCREMENT BY 1
    NO MINVALUE
    NO MAXVALUE
    CACHE 1
);


--
-- Name: user_customuser; Type: TABLE; Schema: public; Owner: mak_us1
--

CREATE TABLE public.user_customuser (
    id bigint NOT NULL,
    password character varying(128) NOT NULL,
    last_login timestamp with time zone,
    is_superuser boolean NOT NULL,
    first_name character varying(150) NOT NULL,
    last_name character varying(150) NOT NULL,
    email character varying(254) NOT NULL,
    is_staff boolean NOT NULL,
    is_active boolean NOT NULL,
    date_joined timestamp with time zone NOT NULL,
    date_birth date,
    avatar_image character varying(100),
    phone_number character varying(40) NOT NULL,
    created_at date,
    mycode integer,
    is_premium boolean NOT NULL
);


ALTER TABLE public.user_customuser OWNER TO mak_us1;

--
-- Name: user_customuser_groups; Type: TABLE; Schema: public; Owner: mak_us1
--

CREATE TABLE public.user_customuser_groups (
    id bigint NOT NULL,
    customuser_id bigint NOT NULL,
    group_id integer NOT NULL
);


ALTER TABLE public.user_customuser_groups OWNER TO mak_us1;

--
-- Name: user_customuser_groups_id_seq; Type: SEQUENCE; Schema: public; Owner: mak_us1
--

ALTER TABLE public.user_customuser_groups ALTER COLUMN id ADD GENERATED BY DEFAULT AS IDENTITY (
    SEQUENCE NAME public.user_customuser_groups_id_seq
    START WITH 1
    INCREMENT BY 1
    NO MINVALUE
    NO MAXVALUE
    CACHE 1
);


--
-- Name: user_customuser_id_seq; Type: SEQUENCE; Schema: public; Owner: mak_us1
--

ALTER TABLE public.user_customuser ALTER COLUMN id ADD GENERATED BY DEFAULT AS IDENTITY (
    SEQUENCE NAME public.user_customuser_id_seq
    START WITH 1
    INCREMENT BY 1
    NO MINVALUE
    NO MAXVALUE
    CACHE 1
);


--
-- Name: user_customuser_user_permissions; Type: TABLE; Schema: public; Owner: mak_us1
--

CREATE TABLE public.user_customuser_user_permissions (
    id bigint NOT NULL,
    customuser_id bigint NOT NULL,
    permission_id integer NOT NULL
);


ALTER TABLE public.user_customuser_user_permissions OWNER TO mak_us1;

--
-- Name: user_customuser_user_permissions_id_seq; Type: SEQUENCE; Schema: public; Owner: mak_us1
--

ALTER TABLE public.user_customuser_user_permissions ALTER COLUMN id ADD GENERATED BY DEFAULT AS IDENTITY (
    SEQUENCE NAME public.user_customuser_user_permissions_id_seq
    START WITH 1
    INCREMENT BY 1
    NO MINVALUE
    NO MAXVALUE
    CACHE 1
);


--
-- Data for Name: auth_group; Type: TABLE DATA; Schema: public; Owner: mak_us1
--

COPY public.auth_group (id, name) FROM stdin;
\.


--
-- Data for Name: auth_group_permissions; Type: TABLE DATA; Schema: public; Owner: mak_us1
--

COPY public.auth_group_permissions (id, group_id, permission_id) FROM stdin;
\.


--
-- Data for Name: auth_permission; Type: TABLE DATA; Schema: public; Owner: mak_us1
--

COPY public.auth_permission (id, name, content_type_id, codename) FROM stdin;
1	Can add log entry	1	add_logentry
2	Can change log entry	1	change_logentry
3	Can delete log entry	1	delete_logentry
4	Can view log entry	1	view_logentry
5	Can add permission	2	add_permission
6	Can change permission	2	change_permission
7	Can delete permission	2	delete_permission
8	Can view permission	2	view_permission
9	Can add group	3	add_group
10	Can change group	3	change_group
11	Can delete group	3	delete_group
12	Can view group	3	view_group
13	Can add content type	4	add_contenttype
14	Can change content type	4	change_contenttype
15	Can delete content type	4	delete_contenttype
16	Can view content type	4	view_contenttype
17	Can add session	5	add_session
18	Can change session	5	change_session
19	Can delete session	5	delete_session
20	Can view session	5	view_session
21	Can add Token	6	add_token
22	Can change Token	6	change_token
23	Can delete Token	6	delete_token
24	Can view Token	6	view_token
25	Can add token	7	add_tokenproxy
26	Can change token	7	change_tokenproxy
27	Can delete token	7	delete_tokenproxy
28	Can view token	7	view_tokenproxy
29	Can add blacklisted token	8	add_blacklistedtoken
30	Can change blacklisted token	8	change_blacklistedtoken
31	Can delete blacklisted token	8	delete_blacklistedtoken
32	Can view blacklisted token	8	view_blacklistedtoken
33	Can add outstanding token	9	add_outstandingtoken
34	Can change outstanding token	9	change_outstandingtoken
35	Can delete outstanding token	9	delete_outstandingtoken
36	Can view outstanding token	9	view_outstandingtoken
37	Can add Карусель	10	add_carouselmodel
38	Can change Карусель	10	change_carouselmodel
39	Can delete Карусель	10	delete_carouselmodel
40	Can view Карусель	10	view_carouselmodel
41	Can add crontab	11	add_crontabschedule
42	Can change crontab	11	change_crontabschedule
43	Can delete crontab	11	delete_crontabschedule
44	Can view crontab	11	view_crontabschedule
45	Can add interval	12	add_intervalschedule
46	Can change interval	12	change_intervalschedule
47	Can delete interval	12	delete_intervalschedule
48	Can view interval	12	view_intervalschedule
49	Can add periodic task	13	add_periodictask
50	Can change periodic task	13	change_periodictask
51	Can delete periodic task	13	delete_periodictask
52	Can view periodic task	13	view_periodictask
53	Can add periodic tasks	14	add_periodictasks
54	Can change periodic tasks	14	change_periodictasks
55	Can delete periodic tasks	14	delete_periodictasks
56	Can view periodic tasks	14	view_periodictasks
57	Can add solar event	15	add_solarschedule
58	Can change solar event	15	change_solarschedule
59	Can delete solar event	15	delete_solarschedule
60	Can view solar event	15	view_solarschedule
61	Can add clocked	16	add_clockedschedule
62	Can change clocked	16	change_clockedschedule
63	Can delete clocked	16	delete_clockedschedule
64	Can view clocked	16	view_clockedschedule
65	Can add Все удобства	17	add_amenitiesmodel
66	Can change Все удобства	17	change_amenitiesmodel
67	Can delete Все удобства	17	delete_amenitiesmodel
68	Can view Все удобства	17	view_amenitiesmodel
69	Can add Категория	18	add_categorymodel
70	Can change Категория	18	change_categorymodel
71	Can delete Категория	18	delete_categorymodel
72	Can view Категория	18	view_categorymodel
73	Can add Маклер, (квартиры и т.д)	19	add_housemodel
74	Can change Маклер, (квартиры и т.д)	19	change_housemodel
75	Can delete Маклер, (квартиры и т.д)	19	delete_housemodel
76	Can view Маклер, (квартиры и т.д)	19	view_housemodel
77	Can add Как продавать	20	add_howsalemodel
78	Can change Как продавать	20	change_howsalemodel
79	Can delete Как продавать	20	delete_howsalemodel
80	Can view Как продавать	20	view_howsalemodel
81	Can add images model	21	add_imagesmodel
82	Can change images model	21	change_imagesmodel
83	Can delete images model	21	delete_imagesmodel
84	Can view images model	21	view_imagesmodel
85	Can add Карта	22	add_mapmodel
86	Can change Карта	22	change_mapmodel
87	Can delete Карта	22	delete_mapmodel
88	Can view Карта	22	view_mapmodel
89	Can add Цена	23	add_pricelistmodel
90	Can change Цена	23	change_pricelistmodel
91	Can delete Цена	23	delete_pricelistmodel
92	Can view Цена	23	view_pricelistmodel
93	Can add Избранное	24	add_userwishlistmodel
94	Can change Избранное	24	change_userwishlistmodel
95	Can delete Избранное	24	delete_userwishlistmodel
96	Can view Избранное	24	view_userwishlistmodel
97	Can add new house images	25	add_newhouseimages
98	Can change new house images	25	change_newhouseimages
99	Can delete new house images	25	delete_newhouseimages
100	Can view new house images	25	view_newhouseimages
101	Can add Изображения маклер (квартиры и т.д)	26	add_houseimagemodel
102	Can change Изображения маклер (квартиры и т.д)	26	change_houseimagemodel
103	Can delete Изображения маклер (квартиры и т.д)	26	delete_houseimagemodel
104	Can view Изображения маклер (квартиры и т.д)	26	view_houseimagemodel
105	Can add Как продавать	27	add_howservicemodel
106	Can change Как продавать	27	change_howservicemodel
107	Can delete Как продавать	27	delete_howservicemodel
108	Can view Как продавать	27	view_howservicemodel
109	Can add Мастер	28	add_mastermodel
110	Can change Мастер	28	change_mastermodel
111	Can delete Мастер	28	delete_mastermodel
112	Can view Мастер	28	view_mastermodel
113	Can add Профессия	29	add_masterprofessionmodel
114	Can change Профессия	29	change_masterprofessionmodel
115	Can delete Профессия	29	delete_masterprofessionmodel
116	Can view Профессия	29	view_masterprofessionmodel
117	Can add Wishlist	30	add_masteruserwishlistmodel
118	Can change Wishlist	30	change_masteruserwishlistmodel
119	Can delete Wishlist	30	delete_masteruserwishlistmodel
120	Can view Wishlist	30	view_masteruserwishlistmodel
121	Can add Изображения для мастера	31	add_masterimagesmodel
122	Can change Изображения для мастера	31	change_masterimagesmodel
123	Can delete Изображения для мастера	31	delete_masterimagesmodel
124	Can view Изображения для мастера	31	view_masterimagesmodel
125	Can add Mebel_Category	32	add_mebelcategorymodel
126	Can change Mebel_Category	32	change_mebelcategorymodel
127	Can delete Mebel_Category	32	delete_mebelcategorymodel
128	Can view Mebel_Category	32	view_mebelcategorymodel
129	Can add Mebel	33	add_mebelmodel
130	Can change Mebel	33	change_mebelmodel
131	Can delete Mebel	33	delete_mebelmodel
132	Can view Mebel	33	view_mebelmodel
133	Can add new mebel images	34	add_newmebelimages
134	Can change new mebel images	34	change_newmebelimages
135	Can delete new mebel images	34	delete_newmebelimages
136	Can view new mebel images	34	view_newmebelimages
137	Can add user	35	add_customuser
138	Can change user	35	change_customuser
139	Can delete user	35	delete_customuser
140	Can view user	35	view_customuser
141	Can add Как продавать	36	add_howstoreservicemodel
142	Can change Как продавать	36	change_howstoreservicemodel
143	Can delete Как продавать	36	delete_howstoreservicemodel
144	Can view Как продавать	36	view_howstoreservicemodel
145	Can add Store_amenities	37	add_storeamenities
146	Can change Store_amenities	37	change_storeamenities
147	Can delete Store_amenities	37	delete_storeamenities
148	Can view Store_amenities	37	view_storeamenities
149	Can add Бренд	38	add_storebrandmodel
150	Can change Бренд	38	change_storebrandmodel
151	Can delete Бренд	38	delete_storebrandmodel
152	Can view Бренд	38	view_storebrandmodel
153	Can add Для	39	add_useformodel
154	Can change Для	39	change_useformodel
155	Can delete Для	39	delete_useformodel
156	Can view Для	39	view_useformodel
157	Can add Обустройствo дома	40	add_storemodel
158	Can change Обустройствo дома	40	change_storemodel
159	Can delete Обустройствo дома	40	delete_storemodel
160	Can view Обустройствo дома	40	view_storemodel
\.


--
-- Data for Name: authtoken_token; Type: TABLE DATA; Schema: public; Owner: mak_us1
--

COPY public.authtoken_token (key, created, user_id) FROM stdin;
\.


--
-- Data for Name: carousel_carouselmodel; Type: TABLE DATA; Schema: public; Owner: mak_us1
--

COPY public.carousel_carouselmodel (id, image, created_at) FROM stdin;
\.


--
-- Data for Name: django_admin_log; Type: TABLE DATA; Schema: public; Owner: mak_us1
--

COPY public.django_admin_log (id, action_time, object_id, object_repr, action_flag, change_message, content_type_id, user_id) FROM stdin;
1	2023-03-22 20:55:34.359754+03	1	Инженер	1	[{"added": {}}]	29	1
2	2023-03-22 20:55:37.80573+03	2	Мастеры	1	[{"added": {}}]	29	1
3	2023-03-22 20:55:50.901899+03	3	Сантехник	1	[{"added": {}}]	29	1
4	2023-03-22 20:55:55.459206+03	4	Электрик	1	[{"added": {}}]	29	1
5	2023-03-22 20:56:02.754916+03	5	Сварщик	1	[{"added": {}}]	29	1
6	2023-03-22 20:56:12.995546+03	1	Ремонт	1	[{"added": {}}]	27	1
7	2023-03-22 20:56:16.442429+03	2	С нуля	1	[{"added": {}}]	27	1
8	2023-03-22 21:00:35.471772+03	1	Долгосрочная аренда	1	[{"added": {}}]	17	1
9	2023-03-22 21:00:46.761761+03	2	Family	1	[{"added": {}}]	17	1
10	2023-03-22 21:00:59.124518+03	3	3 room	1	[{"added": {}}]	17	1
11	2023-03-22 21:01:09.418137+03	4	Нотариус	1	[{"added": {}}]	17	1
12	2023-03-22 21:01:20.666846+03	5	TV	1	[{"added": {}}]	17	1
13	2023-03-22 21:01:31.220923+03	6	Рядом Корзинка	1	[{"added": {}}]	17	1
14	2023-03-22 21:01:39.618832+03	7	Wi-Fi	1	[{"added": {}}]	17	1
15	2023-03-22 21:02:06.804613+03	1	Аренда	1	[{"added": {}}]	20	1
16	2023-03-22 21:02:10.819421+03	2	Продать	1	[{"added": {}}]	20	1
17	2023-03-22 21:02:14.545137+03	3	Купить	1	[{"added": {}}]	20	1
18	2023-03-22 21:03:06.695867+03	1	Новостройки дома	1	[{"added": {}}]	18	1
19	2023-03-22 21:03:45.040389+03	2	Мастеры	1	[{"added": {}}]	18	1
20	2023-03-22 21:04:17.898699+03	3	Обустройства	1	[{"added": {}}]	18	1
21	2023-03-22 21:04:53.307454+03	4	Мебель	1	[{"added": {}}]	18	1
22	2023-03-22 21:05:03.500987+03	1	y.e	1	[{"added": {}}]	23	1
23	2023-03-22 21:05:05.613634+03	2	som	1	[{"added": {}}]	23	1
24	2023-03-22 21:06:40.590003+03	1	мебео	1	[{"added": {}}]	37	1
25	2023-03-22 21:06:45.850913+03	1	мебель	2	[{"changed": {"fields": ["Title"]}}]	37	1
26	2023-03-22 21:06:53.408532+03	2	для кухни	1	[{"added": {}}]	37	1
27	2023-03-22 21:07:10.617349+03	1	Samsung	1	[{"added": {}}]	38	1
28	2023-03-22 21:07:14.358378+03	2	Artel	1	[{"added": {}}]	38	1
29	2023-03-22 21:07:17.339952+03	3	Hp	1	[{"added": {}}]	38	1
30	2023-03-22 21:07:24.225404+03	4	Bosch	1	[{"added": {}}]	38	1
31	2023-03-22 21:07:30.24381+03	5	Pikay	1	[{"added": {}}]	38	1
32	2023-03-22 21:07:34.89174+03	6	Beko	1	[{"added": {}}]	38	1
33	2023-03-22 21:07:51.279198+03	1	для дома	1	[{"added": {}}]	36	1
34	2023-03-22 21:07:56.258423+03	2	Для квартир	1	[{"added": {}}]	36	1
35	2023-03-22 21:08:01.605329+03	3	Для офиса	1	[{"added": {}}]	36	1
36	2023-03-22 21:08:07.452191+03	4	Для кухни	1	[{"added": {}}]	36	1
37	2023-03-22 21:08:28.360916+03	1	Семьи	1	[{"added": {}}]	39	1
38	2023-03-22 21:08:32.153634+03	2	Кухни	1	[{"added": {}}]	39	1
39	2023-03-22 21:08:50.860219+03	1	AIKO	1	[{"added": {}}]	32	1
40	2023-03-26 14:32:27.858846+03	1	Master aziz	1	[{"added": {}}]	28	1
41	2023-03-26 14:32:49.559047+03	2	Master anvar	1	[{"added": {}}]	28	1
42	2023-03-26 14:33:01.634661+03	1	MasterImagesModel object (1)	1	[{"added": {}}]	31	1
43	2023-03-26 14:33:16.806137+03	2	MasterImagesModel object (2)	1	[{"added": {}}]	31	1
44	2023-03-26 14:33:54.903698+03	1	Mebel1	1	[{"added": {}}]	33	1
45	2023-03-26 14:34:20.434568+03	2	mebel2	1	[{"added": {}}]	33	1
46	2023-03-26 18:33:39.819912+03	4	900119697	2	[{"changed": {"fields": ["Is premium"]}}]	35	1
47	2023-03-26 18:33:46.529911+03	3	998900117775	2	[{"changed": {"fields": ["Is premium"]}}]	35	1
48	2023-03-26 18:50:19.941021+03	4	900119697	2	[]	35	1
\.


--
-- Data for Name: django_celery_beat_clockedschedule; Type: TABLE DATA; Schema: public; Owner: mak_us1
--

COPY public.django_celery_beat_clockedschedule (id, clocked_time) FROM stdin;
\.


--
-- Data for Name: django_celery_beat_crontabschedule; Type: TABLE DATA; Schema: public; Owner: mak_us1
--

COPY public.django_celery_beat_crontabschedule (id, minute, hour, day_of_week, day_of_month, month_of_year, timezone) FROM stdin;
\.


--
-- Data for Name: django_celery_beat_intervalschedule; Type: TABLE DATA; Schema: public; Owner: mak_us1
--

COPY public.django_celery_beat_intervalschedule (id, every, period) FROM stdin;
\.


--
-- Data for Name: django_celery_beat_periodictask; Type: TABLE DATA; Schema: public; Owner: mak_us1
--

COPY public.django_celery_beat_periodictask (id, name, task, args, kwargs, queue, exchange, routing_key, expires, enabled, last_run_at, total_run_count, date_changed, description, crontab_id, interval_id, solar_id, one_off, start_time, priority, headers, clocked_id, expire_seconds) FROM stdin;
\.


--
-- Data for Name: django_celery_beat_periodictasks; Type: TABLE DATA; Schema: public; Owner: mak_us1
--

COPY public.django_celery_beat_periodictasks (ident, last_update) FROM stdin;
\.


--
-- Data for Name: django_celery_beat_solarschedule; Type: TABLE DATA; Schema: public; Owner: mak_us1
--

COPY public.django_celery_beat_solarschedule (id, event, latitude, longitude) FROM stdin;
\.


--
-- Data for Name: django_content_type; Type: TABLE DATA; Schema: public; Owner: mak_us1
--

COPY public.django_content_type (id, app_label, model) FROM stdin;
1	admin	logentry
2	auth	permission
3	auth	group
4	contenttypes	contenttype
5	sessions	session
6	authtoken	token
7	authtoken	tokenproxy
8	token_blacklist	blacklistedtoken
9	token_blacklist	outstandingtoken
10	carousel	carouselmodel
11	django_celery_beat	crontabschedule
12	django_celery_beat	intervalschedule
13	django_celery_beat	periodictask
14	django_celery_beat	periodictasks
15	django_celery_beat	solarschedule
16	django_celery_beat	clockedschedule
17	products	amenitiesmodel
18	products	categorymodel
19	products	housemodel
20	products	howsalemodel
21	products	imagesmodel
22	products	mapmodel
23	products	pricelistmodel
24	products	userwishlistmodel
25	products	newhouseimages
26	products	houseimagemodel
27	masters	howservicemodel
28	masters	mastermodel
29	masters	masterprofessionmodel
30	masters	masteruserwishlistmodel
31	masters	masterimagesmodel
32	mebel	mebelcategorymodel
33	mebel	mebelmodel
34	mebel	newmebelimages
35	user	customuser
36	store	howstoreservicemodel
37	store	storeamenities
38	store	storebrandmodel
39	store	useformodel
40	store	storemodel
\.


--
-- Data for Name: django_migrations; Type: TABLE DATA; Schema: public; Owner: mak_us1
--

COPY public.django_migrations (id, app, name, applied) FROM stdin;
1	contenttypes	0001_initial	2023-03-22 20:54:04.491134+03
2	contenttypes	0002_remove_content_type_name	2023-03-22 20:54:04.503115+03
3	auth	0001_initial	2023-03-22 20:54:04.549225+03
4	auth	0002_alter_permission_name_max_length	2023-03-22 20:54:04.556534+03
5	auth	0003_alter_user_email_max_length	2023-03-22 20:54:04.566227+03
6	auth	0004_alter_user_username_opts	2023-03-22 20:54:04.575372+03
7	auth	0005_alter_user_last_login_null	2023-03-22 20:54:04.600325+03
8	auth	0006_require_contenttypes_0002	2023-03-22 20:54:04.605442+03
9	auth	0007_alter_validators_add_error_messages	2023-03-22 20:54:04.614901+03
10	auth	0008_alter_user_username_max_length	2023-03-22 20:54:04.624312+03
11	auth	0009_alter_user_last_name_max_length	2023-03-22 20:54:04.63422+03
12	auth	0010_alter_group_name_max_length	2023-03-22 20:54:04.644709+03
13	auth	0011_update_proxy_permissions	2023-03-22 20:54:04.653759+03
14	auth	0012_alter_user_first_name_max_length	2023-03-22 20:54:04.663763+03
15	user	0001_initial	2023-03-22 20:54:04.711586+03
16	admin	0001_initial	2023-03-22 20:54:04.736471+03
17	admin	0002_logentry_remove_auto_add	2023-03-22 20:54:04.746723+03
18	admin	0003_logentry_add_action_flag_choices	2023-03-22 20:54:04.757328+03
19	authtoken	0001_initial	2023-03-22 20:54:04.777664+03
20	authtoken	0002_auto_20160226_1747	2023-03-22 20:54:04.816638+03
21	authtoken	0003_tokenproxy	2023-03-22 20:54:04.8219+03
22	carousel	0001_initial	2023-03-22 20:54:04.836618+03
23	django_celery_beat	0001_initial	2023-03-22 20:54:04.883624+03
24	django_celery_beat	0002_auto_20161118_0346	2023-03-22 20:54:04.900899+03
25	django_celery_beat	0003_auto_20161209_0049	2023-03-22 20:54:04.91212+03
26	django_celery_beat	0004_auto_20170221_0000	2023-03-22 20:54:04.918212+03
27	django_celery_beat	0005_add_solarschedule_events_choices	2023-03-22 20:54:04.924387+03
28	django_celery_beat	0006_auto_20180322_0932	2023-03-22 20:54:04.956768+03
29	django_celery_beat	0007_auto_20180521_0826	2023-03-22 20:54:04.974113+03
30	django_celery_beat	0008_auto_20180914_1922	2023-03-22 20:54:04.998204+03
31	django_celery_beat	0006_auto_20180210_1226	2023-03-22 20:54:05.015764+03
32	django_celery_beat	0006_periodictask_priority	2023-03-22 20:54:05.025827+03
33	django_celery_beat	0009_periodictask_headers	2023-03-22 20:54:05.03571+03
34	django_celery_beat	0010_auto_20190429_0326	2023-03-22 20:54:05.193952+03
35	django_celery_beat	0011_auto_20190508_0153	2023-03-22 20:54:05.214158+03
36	django_celery_beat	0012_periodictask_expire_seconds	2023-03-22 20:54:05.224486+03
37	django_celery_beat	0013_auto_20200609_0727	2023-03-22 20:54:05.232686+03
38	django_celery_beat	0014_remove_clockedschedule_enabled	2023-03-22 20:54:05.24021+03
39	django_celery_beat	0015_edit_solarschedule_events_choices	2023-03-22 20:54:05.247049+03
40	django_celery_beat	0016_alter_crontabschedule_timezone	2023-03-22 20:54:05.255629+03
41	masters	0001_initial	2023-03-22 20:54:05.400564+03
42	products	0001_initial	2023-03-22 20:54:05.794536+03
43	mebel	0001_initial	2023-03-22 20:54:05.897444+03
44	sessions	0001_initial	2023-03-22 20:54:05.912394+03
45	store	0001_initial	2023-03-22 20:54:06.015975+03
46	token_blacklist	0001_initial	2023-03-22 20:54:06.12186+03
47	token_blacklist	0002_outstandingtoken_jti_hex	2023-03-22 20:54:06.1537+03
48	token_blacklist	0003_auto_20171017_2007	2023-03-22 20:54:06.204178+03
49	token_blacklist	0004_auto_20171017_2013	2023-03-22 20:54:06.237096+03
50	token_blacklist	0005_remove_outstandingtoken_jti	2023-03-22 20:54:06.263786+03
51	token_blacklist	0006_auto_20171017_2113	2023-03-22 20:54:06.293741+03
52	token_blacklist	0007_auto_20171017_2214	2023-03-22 20:54:06.374301+03
53	token_blacklist	0008_migrate_to_bigautofield	2023-03-22 20:54:06.46737+03
54	token_blacklist	0010_fix_migrate_to_bigautofield	2023-03-22 20:54:06.519544+03
55	token_blacklist	0011_linearizes_history	2023-03-22 20:54:06.522737+03
56	store	0002_alter_storemodel_phonenumber	2023-03-23 13:27:02.587592+03
57	masters	0002_alter_mastermodel_phone	2023-03-30 23:45:55.58985+03
58	mebel	0002_alter_mebelmodel_phone_number	2023-03-30 23:45:55.636914+03
\.


--
-- Data for Name: django_session; Type: TABLE DATA; Schema: public; Owner: mak_us1
--

COPY public.django_session (session_key, session_data, expire_date) FROM stdin;
5t7usjkm2khj8kzgm245plnzcnitluwn	.eJxVjMsOwiAUBf-FtSFeoAIu3fsN5D6oVA0kpV0Z_12bdKHbMzPnpRKuS0lrz3OaRJ0VqMPvRsiPXDcgd6y3prnVZZ5Ib4readfXJvl52d2_g4K9fOsQjYtEcAyDkLHkbWTxgQltcN6cvPXMDtD6nNnkiMAAA4zOIo4gqN4f08E39Q:1pf2fY:MLF4ZLKUR6pshPyeh0rO4q8A7gNtc1ksnSosNcMXTRQ	2023-04-05 20:54:40.642512+03
8qz9cnibvjwtnhgq6a1k5y0lnmmsk343	.eJxVjMsOwiAUBf-FtSFeoAIu3fsN5D6oVA0kpV0Z_12bdKHbMzPnpRKuS0lrz3OaRJ0VqMPvRsiPXDcgd6y3prnVZZ5Ib4readfXJvl52d2_g4K9fOsQjYtEcAyDkLHkbWTxgQltcN6cvPXMDtD6nNnkiMAAA4zOIo4gqN4f08E39Q:1pf2fZ:2dm5eXBHkE0w1CteXepMzSzTaHQ_S2AdpJcmWM1QRno	2023-04-05 20:54:41.065725+03
xh4gvozd8f41o5th5whcohpk6qbv5jyn	.eJxVjMsOwiAUBf-FtSFeoAIu3fsN5D6oVA0kpV0Z_12bdKHbMzPnpRKuS0lrz3OaRJ0VqMPvRsiPXDcgd6y3prnVZZ5Ib4readfXJvl52d2_g4K9fOsQjYtEcAyDkLHkbWTxgQltcN6cvPXMDtD6nNnkiMAAA4zOIo4gqN4f08E39Q:1pfGIu:k9d6w2eK2QNePuVoeQZ6aycadjoRiPiigdQSDMMbJeM	2023-04-06 11:28:12.770706+03
\.


--
-- Data for Name: masters_howservicemodel; Type: TABLE DATA; Schema: public; Owner: mak_us1
--

COPY public.masters_howservicemodel (id, title, created_at) FROM stdin;
1	Ремонт	2023-03-22 20:56:12.993083+03
2	С нуля	2023-03-22 20:56:16.440786+03
\.


--
-- Data for Name: masters_masterimagesmodel; Type: TABLE DATA; Schema: public; Owner: mak_us1
--

COPY public.masters_masterimagesmodel (id, images, master_id) FROM stdin;
1	master_images/5k.png	2
2	master_images/aksiya3.png	1
3	master_images/5k_ZO7bXD2.png	3
4	master_images/6360442_ojNiY9l.jpg	3
5	master_images/Screenshot_1679845619.png	4
7	master_images/samsung-uk-no101tswX7I-unsplash_1.jpg	6
\.


--
-- Data for Name: masters_mastermodel; Type: TABLE DATA; Schema: public; Owner: mak_us1
--

COPY public.masters_mastermodel (id, name, email, phone, password, address_title, address_latitude, address_longitude, avatar, descriptions, experience, "isBookmarked", created_at, draft, view_count, product_status, how_service_id, owner_id) FROM stdin;
3	sdfsdf	sd@gmail.com	9545353	sdfsdf323	ggg	11	22	master_avatar/5k.png	descr	1	f	2023-03-27 10:32:26.573337+03	f	0	0	1	5
6	abbbos	gggg@gmail.com	9989001122	wgwg	1600 Amphitheatre Pkwy, , Santa Clara County, 94043	37.4219991	-122.0840011	master_avatar/samsung-uk-no101tswX7I-unsplash_1.jpg	awjgnhaiwjgnhoaw	3	f	2023-04-02 04:06:00.464105+03	f	0	3	1	11
1	Master aziz	aziz@gmail.com	9999999	Lorem2002	Uzbekistan	33	44		descriptions	3	f	2023-03-26 14:32:27.847177+03	f	11	0	1	1
2	Master anvar	aziz@gmail.com	99999993	Lorem2002	Uzbekistan	33	44	master_avatar/6360442_4p24EXT.jpg	descriptions	3	f	2023-03-26 14:32:49.551034+03	f	5	0	1	1
4	name	aaaa@gmail.com	900012233	qwert	tashkent	1	1	master_avatar/Screenshot_1679858943.png	jjjjjjjjjj	1	f	2023-03-28 22:52:29.712102+03	f	9	0	1	8
\.


--
-- Data for Name: masters_mastermodel_profession; Type: TABLE DATA; Schema: public; Owner: mak_us1
--

COPY public.masters_mastermodel_profession (id, mastermodel_id, masterprofessionmodel_id) FROM stdin;
1	1	2
2	1	3
3	1	4
4	2	3
5	2	4
6	3	1
7	4	1
12	6	2
\.


--
-- Data for Name: masters_masterprofessionmodel; Type: TABLE DATA; Schema: public; Owner: mak_us1
--

COPY public.masters_masterprofessionmodel (id, title, created_at) FROM stdin;
1	Инженер	2023-03-22 20:55:34.354869+03
2	Мастеры	2023-03-22 20:55:37.804057+03
3	Сантехник	2023-03-22 20:55:50.899939+03
4	Электрик	2023-03-22 20:55:55.456906+03
5	Сварщик	2023-03-22 20:56:02.753462+03
\.


--
-- Data for Name: masters_masteruserwishlistmodel; Type: TABLE DATA; Schema: public; Owner: mak_us1
--

COPY public.masters_masteruserwishlistmodel (id, created_at, master_id, user_id) FROM stdin;
\.


--
-- Data for Name: mebel_mebelcategorymodel; Type: TABLE DATA; Schema: public; Owner: mak_us1
--

COPY public.mebel_mebelcategorymodel (id, title, created_at) FROM stdin;
1	AIKO	2023-03-22 21:08:50.857482+03
\.


--
-- Data for Name: mebel_mebelmodel; Type: TABLE DATA; Schema: public; Owner: mak_us1
--

COPY public.mebel_mebelmodel (id, title, price, phone_number, web_address_title, web_address_latitude, web_address_longtitude, short_descriptions, long_descriptions, draft, view_count, product_status, "isBookmarked", created_at, category_id, creator_id, price_type_id) FROM stdin;
2	mebel2	4444	977262700	Shaykhontohur	4	4	fff	ffff	f	0	0	f	2023-03-26 14:34:20.431041+03	1	1	2
4	name	10000	900012233	tashkent	1	1	qwert	hehehhehhe	f	0	0	f	2023-03-28 23:41:11.535644+03	1	9	1
1	Mebel1	333	977262700	Shaykhontohur	3	3	fff	fff	f	6	0	f	2023-03-26 14:33:54.897805+03	1	1	1
3	test	333	43434	asd	1	2	dsdsd	sdsd	f	2	0	f	2023-03-27 10:51:30.063898+03	1	5	1
5	hehehehh	1000000	99890022	1600 Amphitheatre Pkwy, , Santa Clara County, 94043	37.4219991	-122.0840011	ang kajnrgkajergnakejgr	aer gkaejng kajegrna	f	3	0	f	2023-03-28 23:45:54.293726+03	1	9	1
7	wajefawege	10000	900000000	1600 Amphitheatre Pkwy, , Santa Clara County, 94043	37.4219991	-122.0840011	awkjgnkawg	awjgnawjngkawg	f	0	0	f	2023-04-02 04:20:23.22183+03	1	11	1
\.


--
-- Data for Name: mebel_newmebelimages; Type: TABLE DATA; Schema: public; Owner: mak_us1
--

COPY public.mebel_newmebelimages (id, images, product_id) FROM stdin;
1	API/mebel/images/5k.png	3
2	API/mebel/images/6360442.jpg	3
3	API/mebel/images/Screenshot_1679845619.png	4
4	API/mebel/images/francesca-tosolini-9dyitA0YIHE-unsplash.jpg	5
5	API/mebel/images/christian-kaindl-4uD9w-pxBTA-unsplash.jpg	5
6	API/mebel/images/virender-singh-hE0nmTffKtM-unsplash.jpg	5
9	API/mebel/images/samsung-uk-no101tswX7I-unsplash_1.jpg	7
\.


--
-- Data for Name: products_amenitiesmodel; Type: TABLE DATA; Schema: public; Owner: mak_us1
--

COPY public.products_amenitiesmodel (id, title, image, created_at) FROM stdin;
1	Долгосрочная аренда	amenities_images/Vector_Cmryepb.png	2023-03-22 21:00:35.466152+03
2	Family	amenities_images/Vector_1_GQuxcdL.png	2023-03-22 21:00:46.759242+03
3	3 room	amenities_images/Vector_2_3GcjPRL.png	2023-03-22 21:00:59.121925+03
4	Нотариус	amenities_images/Vector_3_JwaxAfm.png	2023-03-22 21:01:09.416492+03
5	TV	amenities_images/Vector_4_5yxzkDi.png	2023-03-22 21:01:20.664097+03
6	Рядом Корзинка	amenities_images/Vector_5_v7B83am.png	2023-03-22 21:01:31.218217+03
7	Wi-Fi	amenities_images/Vector_6_y9GwOLx.png	2023-03-22 21:01:39.617038+03
\.


--
-- Data for Name: products_categorymodel; Type: TABLE DATA; Schema: public; Owner: mak_us1
--

COPY public.products_categorymodel (id, title, subtitle, image, created_at) FROM stdin;
1	Новостройки дома	Более 1240 новых домов	category_image/cat1.png	2023-03-22 21:03:06.68934+03
2	Мастеры	Описания для мастера	category_image/tool-dynamic-premium_1.png	2023-03-22 21:03:45.035918+03
3	Обустройства	Описания для обустройства	category_image/lock-dynamic-premium_1.png	2023-03-22 21:04:17.89615+03
4	Мебель	Описания для мебели	category_image/3d-casual-life-web-elements-background.png	2023-03-22 21:04:53.302928+03
\.


--
-- Data for Name: products_houseimagemodel; Type: TABLE DATA; Schema: public; Owner: mak_us1
--

COPY public.products_houseimagemodel (id, image, created_at, property_id_id) FROM stdin;
\.


--
-- Data for Name: products_housemodel; Type: TABLE DATA; Schema: public; Owner: mak_us1
--

COPY public.products_housemodel (id, title, view_count, descriptions, price, app_currency, app_type, "typeOfRent", "typeOfHouse", "typeOfObject", app_ipoteka, app_mebel, app_new_building, type, youtube_link, web_address_title, web_address_latitude, web_address_longtitude, pm_general, web_type, web_rental_type, pm_residential, pm_kitchen, web_building_type, rental_type, object, property_type, image, general, residential, number_of_rooms, floor, floor_from, building_type, phone_number, "isBookmarked", created_at, draft, product_status, address_id, category_id, creator_id, how_sale_id, price_type_id) FROM stdin;
1	new post new house	10	awhgiauhgiag	100000	\N	\N	\N	\N	\N	t	t	f	аденда	\N	1600 Amphitheatre Pkwy, , Santa Clara County, 94043	37.4219991	-122.0840011	12	\N	\N	12	\N	\N	длительно	квартира	жилая				12	12	2	кирпич	998900119090	t	2023-03-23 10:35:30.044221+03	t	3	\N	\N	1	\N	1
3	ttttttttt	17	ajwbgakjwgbnlakwrrrrrr	1111113	\N	\N	\N	\N	\N	t	t	f	аденда	\N	1600 Amphitheatre Pkwy, , Santa Clara County, 94043	37.4219991	-122.0840011	3	\N	\N	3	\N	\N	длительно	таунхаус	жилая				33	3	3	кирпич	998900119495	t	2023-03-25 08:01:06.694343+03	f	3	\N	\N	4	\N	1
4	today	16	awejghbakjehgbalehjgb abiajwb awubhiuariw ajbniauwbriarw	10000333	\N	\N	\N	\N	\N	t	t	f	аденда	\N	1600 Amphitheatre Pkwy, , Santa Clara County, 94043	37.4219991	-122.0840011	33	\N	\N	333	\N	\N			\N				3333	333	333	кирпич	9989000303030	t	2023-03-26 18:14:05.362948+03	f	0	\N	\N	4	\N	1
6	new appp posting	4	ajnrgajnrgkar	4000044	\N	\N	\N	\N	\N	t	t	f	аденда	\N	1600 Amphitheatre Pkwy, , Santa Clara County, 94043	37.4219991	-122.0840012	44	\N	\N	444444	\N	\N	длительно	квартира	жилая				444	444444	44	кирпич	998900119596	t	2023-04-02 03:52:46.026455+03	f	3	\N	\N	11	\N	1
5	jgnkwjegnike	1	aiohejoiejhp	10000	\N	\N	\N	\N	\N	t	t	f	аденда	\N	1600 Amphitheatre Pkwy, , Santa Clara County, 94043	37.4219991	-122.0840011	121	\N	\N	21	\N	\N	длительно	квартира	жилая				21	2	21	кирпич	9989001192	f	2023-03-26 20:13:54.556463+03	f	0	\N	\N	4	\N	1
2	new post app	10	hehehehehehe	1000000	\N	\N	\N	\N	\N	f	t	f	аденда	\N	1600 Amphitheatre Pkwy, , Santa Clara County, 94043	37.4219991	-122.0840011	12	\N	\N	12	\N	\N	длительно	квартира	жилая				12	12	12	кирпич	998900445588	f	2023-03-24 20:43:00.484987+03	f	3	\N	\N	4	\N	1
\.


--
-- Data for Name: products_housemodel_amenities; Type: TABLE DATA; Schema: public; Owner: mak_us1
--

COPY public.products_housemodel_amenities (id, housemodel_id, amenitiesmodel_id) FROM stdin;
1	1	1
2	1	3
3	2	1
4	2	2
5	3	1
6	3	2
7	3	3
8	3	4
9	4	1
10	4	2
11	4	5
12	5	1
13	5	2
14	6	1
15	6	2
\.


--
-- Data for Name: products_howsalemodel; Type: TABLE DATA; Schema: public; Owner: mak_us1
--

COPY public.products_howsalemodel (id, title, created_at) FROM stdin;
1	Аренда	2023-03-22 21:02:06.801935+03
2	Продать	2023-03-22 21:02:10.817396+03
3	Купить	2023-03-22 21:02:14.543431+03
\.


--
-- Data for Name: products_imagesmodel; Type: TABLE DATA; Schema: public; Owner: mak_us1
--

COPY public.products_imagesmodel (id, image) FROM stdin;
\.


--
-- Data for Name: products_mapmodel; Type: TABLE DATA; Schema: public; Owner: mak_us1
--

COPY public.products_mapmodel (id, "addressName", latitude, longtitude, created_at) FROM stdin;
\.


--
-- Data for Name: products_newhouseimages; Type: TABLE DATA; Schema: public; Owner: mak_us1
--

COPY public.products_newhouseimages (id, images, product_id) FROM stdin;
1	API/images/pixasquare-4ojhpgKpS68-unsplash.jpg	1
2	API/images/ralph-ravi-kayden-mR1CIDduGLc-unsplash.jpg	1
3	API/images/r-architecture-2gDwlIim3Uw-unsplash.jpg	2
4	API/images/istockphoto-1415886888-1024x1024.jpg	2
5	API/images/r-architecture-2gDwlIim3Uw-unsplash_UjWJcQh.jpg	3
6	API/images/phillip-goldsberry-fZuleEfeA1Q-unsplash.jpg	4
7	API/images/xianjuan-hu-uPYpcsbICI4-unsplash.jpg	4
8	API/images/r-architecture-2gDwlIim3Uw-unsplash_ZpR7DCD.jpg	4
9	API/images/ralph-ravi-kayden-mR1CIDduGLc-unsplash_F6kuw92.jpg	4
10	API/images/inside-weather-dbH_vy7vICE-unsplash.jpg	5
11	API/images/samsung-uk-no101tswX7I-unsplash_1_fh6KmIh.jpg	6
\.


--
-- Data for Name: products_pricelistmodel; Type: TABLE DATA; Schema: public; Owner: mak_us1
--

COPY public.products_pricelistmodel (id, price_t, created_at) FROM stdin;
1	y.e	2023-03-22 21:05:03.497895+03
2	som	2023-03-22 21:05:05.610938+03
\.


--
-- Data for Name: products_userwishlistmodel; Type: TABLE DATA; Schema: public; Owner: mak_us1
--

COPY public.products_userwishlistmodel (id, created_at, product_id, user_id) FROM stdin;
3	2023-03-23 14:02:54.737391+03	1	3
4	2023-03-23 14:04:11.489002+03	1	3
\.


--
-- Data for Name: store_howstoreservicemodel; Type: TABLE DATA; Schema: public; Owner: mak_us1
--

COPY public.store_howstoreservicemodel (id, title, created_at) FROM stdin;
1	для дома	2023-03-22 21:07:51.273134+03
2	Для квартир	2023-03-22 21:07:56.256413+03
3	Для офиса	2023-03-22 21:08:01.603433+03
4	Для кухни	2023-03-22 21:08:07.450219+03
\.


--
-- Data for Name: store_storeamenities; Type: TABLE DATA; Schema: public; Owner: mak_us1
--

COPY public.store_storeamenities (id, title, created_at) FROM stdin;
1	мебель	2023-03-22 21:06:40.583698+03
2	для кухни	2023-03-22 21:06:53.406037+03
\.


--
-- Data for Name: store_storebrandmodel; Type: TABLE DATA; Schema: public; Owner: mak_us1
--

COPY public.store_storebrandmodel (id, title, created_at) FROM stdin;
1	Samsung	2023-03-22 21:07:10.614609+03
2	Artel	2023-03-22 21:07:14.356378+03
3	Hp	2023-03-22 21:07:17.33837+03
4	Bosch	2023-03-22 21:07:24.223571+03
5	Pikay	2023-03-22 21:07:30.242288+03
6	Beko	2023-03-22 21:07:34.889954+03
\.


--
-- Data for Name: store_storemodel; Type: TABLE DATA; Schema: public; Owner: mak_us1
--

COPY public.store_storemodel (id, name, description, image, brand_image, price, "phoneNumber", address, email, "isBookmarked", created_at, draft, view_count, product_status, brand_title_id, creator_id, how_store_service_id, price_type_id, use_for_id) FROM stdin;
1	new post2	hawhgiuwhgiuawhg2	store_images/phillip-goldsberry-fZuleEfeA1Q-unsplash.jpg	avatar_image/hutomo-abrianto-Q_fZcn8vlWY-unsplash.jpg	1000000	998900119	Tashkent	aaaaaa@gmail.com	f	2023-03-23 09:59:53.654273+03	f	4	3	5	2	1	1	2
2	hehehehe	aghaiuhgiauerg	store_images/paul-weaver-nWidMEQsnAQ-unsplash.jpg	avatar_image/inside-weather-dbH_vy7vICE-unsplash.jpg	10000	998900119596	Tashkent	qqq@gmail.com	t	2023-03-25 20:36:33.817598+03	f	6	0	4	4	2	1	2
3	hehehe	wegwagknjawoige	store_images/samsung-uk-no101tswX7I-unsplash_1_R2M7F8i.jpg	avatar_image/samsung-uk-no101tswX7I-unsplash_1_06tpLnI.jpg	40000	99890049324	wagwegwaeg	wagawgwage@gmail.com	f	2023-04-02 04:07:43.500514+03	f	0	3	5	11	2	1	2
\.


--
-- Data for Name: store_storemodel_store_amenitites; Type: TABLE DATA; Schema: public; Owner: mak_us1
--

COPY public.store_storemodel_store_amenitites (id, storemodel_id, storeamenities_id) FROM stdin;
1	1	2
2	2	2
3	3	2
\.


--
-- Data for Name: store_useformodel; Type: TABLE DATA; Schema: public; Owner: mak_us1
--

COPY public.store_useformodel (id, title, created_at) FROM stdin;
1	Семьи	2023-03-22 21:08:28.356412+03
2	Кухни	2023-03-22 21:08:32.151487+03
\.


--
-- Data for Name: token_blacklist_blacklistedtoken; Type: TABLE DATA; Schema: public; Owner: mak_us1
--

COPY public.token_blacklist_blacklistedtoken (id, blacklisted_at, token_id) FROM stdin;
\.


--
-- Data for Name: token_blacklist_outstandingtoken; Type: TABLE DATA; Schema: public; Owner: mak_us1
--

COPY public.token_blacklist_outstandingtoken (id, token, created_at, expires_at, user_id, jti) FROM stdin;
1	eyJhbGciOiJIUzI1NiIsInR5cCI6IkpXVCJ9.eyJ0b2tlbl90eXBlIjoicmVmcmVzaCIsImV4cCI6MTY3OTY0MDkxOCwianRpIjoiYmU5OTY2N2U2MWM3NGI5OTgwYTRkNmI1NGZjMzI4OGIiLCJ1c2VyX2lkIjoyfQ.zIEOwlauTIQkB-nDf2eWEERyi7Pidj4ErCPuNh_LuBQ	2023-03-23 09:55:18.720847+03	2023-03-24 09:55:18+03	2	be99667e61c74b9980a4d6b54fc3288b
2	eyJhbGciOiJIUzI1NiIsInR5cCI6IkpXVCJ9.eyJ0b2tlbl90eXBlIjoicmVmcmVzaCIsImV4cCI6MTY3OTY1NTM1MCwianRpIjoiMjc5M2ZjMGM4NGQ2NDdkNWIzZTFhYjMwZmEzNWI5YjciLCJ1c2VyX2lkIjozfQ.sASxzroVsh2MxAd5ajVUPoavz71rl3FtkAgfBgYYt6Y	2023-03-23 13:55:50.307231+03	2023-03-24 13:55:50+03	3	2793fc0c84d647d5b3e1ab30fa35b9b7
3	eyJhbGciOiJIUzI1NiIsInR5cCI6IkpXVCJ9.eyJ0b2tlbl90eXBlIjoicmVmcmVzaCIsImV4cCI6MTY3OTczODkxOSwianRpIjoiMmI2ZjQzY2VjZDdmNDExMzgwNDU4NjhjZTYyYjEzMmIiLCJ1c2VyX2lkIjo0fQ.4_uRhKwN5vHfkUiIY9Pauv6e-FzFYyNR48ff_cc2_Ko	2023-03-24 13:08:39.328646+03	2023-03-25 13:08:39+03	4	2b6f43cecd7f41138045868ce62b132b
4	eyJhbGciOiJIUzI1NiIsInR5cCI6IkpXVCJ9.eyJ0b2tlbl90eXBlIjoicmVmcmVzaCIsImV4cCI6MTY3OTk4ODUwOCwianRpIjoiOTY3OGQ4OTIyYTYxNGQxYmJhMWFjNjNkYzUwOTcxZjQiLCJ1c2VyX2lkIjo1fQ.V7FD9_CKxtKDu8i4KnyVleD0HeCaY-LWCW94zl0X3G8	2023-03-27 10:28:28.316528+03	2023-03-28 10:28:28+03	5	9678d8922a614d1bba1ac63dc50971f4
5	eyJhbGciOiJIUzI1NiIsInR5cCI6IkpXVCJ9.eyJ0b2tlbl90eXBlIjoicmVmcmVzaCIsImV4cCI6MTY4MDEwOTQ3NCwianRpIjoiYWJmOTg0OGVmYWRiNDY3N2EyMTEwM2I4MTY3MDY2OGQiLCJ1c2VyX2lkIjo2fQ.RWmU5De8-dmc37GMn5sNlIz3ZSUFkQq-Za71DbFcNRI	2023-03-28 20:04:34.864902+03	2023-03-29 20:04:34+03	6	abf9848efadb4677a21103b81670668d
6	eyJhbGciOiJIUzI1NiIsInR5cCI6IkpXVCJ9.eyJ0b2tlbl90eXBlIjoicmVmcmVzaCIsImV4cCI6MTY4MDEwOTYzMiwianRpIjoiNjM2MzJjYzU3ZTc2NDQ5NmI2NWMxMzJmMDQ3NmY4OTgiLCJ1c2VyX2lkIjo3fQ.AECXxsBDw7U1zeKpJLZhEO3rDTbXXX3TiZIFPvuchv8	2023-03-28 20:07:12.133874+03	2023-03-29 20:07:12+03	7	63632cc57e764496b65c132f0476f898
7	eyJhbGciOiJIUzI1NiIsInR5cCI6IkpXVCJ9.eyJ0b2tlbl90eXBlIjoicmVmcmVzaCIsImV4cCI6MTY4MDEwOTk0OSwianRpIjoiNjllMTg1YzhkYjE3NGE3Y2FlYmZkMGI4MjcxZjZkM2UiLCJ1c2VyX2lkIjo4fQ.TDuvQrhrxf8VtlzwGBox1KwIk5DkE9jb7HJNMgO4TU8	2023-03-28 20:12:29.009285+03	2023-03-29 20:12:29+03	8	69e185c8db174a7caebfd0b8271f6d3e
8	eyJhbGciOiJIUzI1NiIsInR5cCI6IkpXVCJ9.eyJ0b2tlbl90eXBlIjoicmVmcmVzaCIsImV4cCI6MTY4MDExODg3MCwianRpIjoiNDU1MDhhNzlhMWE5NDcwOTkxMGIyZjVkZDJkZWY5N2IiLCJ1c2VyX2lkIjo5fQ._b4tZpJl5rNsktwJOaYt70ZAeCcTSLqLBw3evp_K4eM	2023-03-28 22:41:10.093027+03	2023-03-29 22:41:10+03	9	45508a79a1a94709910b2f5dd2def97b
9	eyJhbGciOiJIUzI1NiIsInR5cCI6IkpXVCJ9.eyJ0b2tlbl90eXBlIjoicmVmcmVzaCIsImV4cCI6MTY4MDI4NzEzNSwianRpIjoiYjE1N2VjMDI0YWEwNGJkMGIyNDU2MGViNDEzMjFmZDMiLCJ1c2VyX2lkIjoxMH0.kseDQM6-clv0c3o1veBNTT7h9pwE5YcCYUUsgo5EmM4	2023-03-30 21:25:35.328496+03	2023-03-31 21:25:35+03	10	b157ec024aa04bd0b24560eb41321fd3
10	eyJhbGciOiJIUzI1NiIsInR5cCI6IkpXVCJ9.eyJ0b2tlbl90eXBlIjoicmVmcmVzaCIsImV4cCI6MTY4MDQ1NTIxNywianRpIjoiMzZiNzZiYmFiZGQ0NDZhYmFkNWRjYjViNmUyZTRmMDYiLCJ1c2VyX2lkIjoxMX0.rjxkK6rpNPHj_u19OZwkSZg_-_xsZ1NlH6r93fAH0Cw	2023-04-01 20:06:57.496361+03	2023-04-02 20:06:57+03	11	36b76bbabdd446abad5dcb5b6e2e4f06
11	eyJhbGciOiJIUzI1NiIsInR5cCI6IkpXVCJ9.eyJ0b2tlbl90eXBlIjoicmVmcmVzaCIsImV4cCI6MTY4MDYzMzI1NywianRpIjoiOTc4YjZiYzVkNDc3NGI2OWI5YmRjMTEyOGY4NzA5NGUiLCJ1c2VyX2lkIjoxMn0.hlm0C3Rg55sflOwt23JQnVlW9i6J3cSn2byq6sQ-nzw	2023-04-03 21:34:17.52293+03	2023-04-04 21:34:17+03	12	978b6bc5d4774b69b9bdc1128f87094e
\.


--
-- Data for Name: user_customuser; Type: TABLE DATA; Schema: public; Owner: mak_us1
--

COPY public.user_customuser (id, password, last_login, is_superuser, first_name, last_name, email, is_staff, is_active, date_joined, date_birth, avatar_image, phone_number, created_at, mycode, is_premium) FROM stdin;
2		\N	f				f	t	2023-03-23 09:55:18.715923+03	\N		998900119597	2023-03-23	594449	f
1	pbkdf2_sha256$390000$VUa0RfuaAJFsVrOj264KAj$gfkt/eRF7WXt8+pNOLyf6oM8qZsPmWtykVQMgfWEHmc=	2023-03-23 11:28:12.765763+03	t				t	t	2023-03-22 20:54:26.68735+03	\N		1234	2023-03-22	233497	f
3		\N	f				f	t	2023-03-23 13:55:50.303315+03	\N		998900117775	2023-03-23	439160	t
4	hehehehehe	\N	f	Tolkin11		www2ww@gmail.com	f	t	2023-03-24 13:08:39.32316+03	\N		90011969790	2023-03-24	178873	t
5		\N	f				f	t	2023-03-27 10:28:28.312096+03	\N		44242312	2023-03-27	280996	f
6		\N	f				f	t	2023-03-28 20:04:34.85853+03	\N		998901111111	2023-03-28	431516	f
7		\N	f				f	t	2023-03-28 20:07:12.127269+03	\N		998902222323	2023-03-28	196364	f
8		\N	f				f	t	2023-03-28 20:12:29.003398+03	\N		998904445556	2023-03-28	588626	f
9		\N	f				f	t	2023-03-28 22:41:10.087474+03	\N		998900114455	2023-03-29	109416	f
10		\N	f				f	t	2023-03-30 21:25:35.319398+03	\N		9989088844	2023-03-30	164343	f
11		\N	f				f	t	2023-04-01 20:06:57.491736+03	\N		998900224455	2023-04-01	891118	f
12		\N	f				f	t	2023-04-03 21:34:17.518131+03	\N		998900114467	2023-04-03	945617	f
\.


--
-- Data for Name: user_customuser_groups; Type: TABLE DATA; Schema: public; Owner: mak_us1
--

COPY public.user_customuser_groups (id, customuser_id, group_id) FROM stdin;
\.


--
-- Data for Name: user_customuser_user_permissions; Type: TABLE DATA; Schema: public; Owner: mak_us1
--

COPY public.user_customuser_user_permissions (id, customuser_id, permission_id) FROM stdin;
\.


--
-- Name: auth_group_id_seq; Type: SEQUENCE SET; Schema: public; Owner: mak_us1
--

SELECT pg_catalog.setval('public.auth_group_id_seq', 1, false);


--
-- Name: auth_group_permissions_id_seq; Type: SEQUENCE SET; Schema: public; Owner: mak_us1
--

SELECT pg_catalog.setval('public.auth_group_permissions_id_seq', 1, false);


--
-- Name: auth_permission_id_seq; Type: SEQUENCE SET; Schema: public; Owner: mak_us1
--

SELECT pg_catalog.setval('public.auth_permission_id_seq', 160, true);


--
-- Name: carousel_carouselmodel_id_seq; Type: SEQUENCE SET; Schema: public; Owner: mak_us1
--

SELECT pg_catalog.setval('public.carousel_carouselmodel_id_seq', 1, false);


--
-- Name: django_admin_log_id_seq; Type: SEQUENCE SET; Schema: public; Owner: mak_us1
--

SELECT pg_catalog.setval('public.django_admin_log_id_seq', 48, true);


--
-- Name: django_celery_beat_clockedschedule_id_seq; Type: SEQUENCE SET; Schema: public; Owner: mak_us1
--

SELECT pg_catalog.setval('public.django_celery_beat_clockedschedule_id_seq', 1, false);


--
-- Name: django_celery_beat_crontabschedule_id_seq; Type: SEQUENCE SET; Schema: public; Owner: mak_us1
--

SELECT pg_catalog.setval('public.django_celery_beat_crontabschedule_id_seq', 1, false);


--
-- Name: django_celery_beat_intervalschedule_id_seq; Type: SEQUENCE SET; Schema: public; Owner: mak_us1
--

SELECT pg_catalog.setval('public.django_celery_beat_intervalschedule_id_seq', 1, false);


--
-- Name: django_celery_beat_periodictask_id_seq; Type: SEQUENCE SET; Schema: public; Owner: mak_us1
--

SELECT pg_catalog.setval('public.django_celery_beat_periodictask_id_seq', 1, false);


--
-- Name: django_celery_beat_solarschedule_id_seq; Type: SEQUENCE SET; Schema: public; Owner: mak_us1
--

SELECT pg_catalog.setval('public.django_celery_beat_solarschedule_id_seq', 1, false);


--
-- Name: django_content_type_id_seq; Type: SEQUENCE SET; Schema: public; Owner: mak_us1
--

SELECT pg_catalog.setval('public.django_content_type_id_seq', 40, true);


--
-- Name: django_migrations_id_seq; Type: SEQUENCE SET; Schema: public; Owner: mak_us1
--

SELECT pg_catalog.setval('public.django_migrations_id_seq', 58, true);


--
-- Name: masters_howservicemodel_id_seq; Type: SEQUENCE SET; Schema: public; Owner: mak_us1
--

SELECT pg_catalog.setval('public.masters_howservicemodel_id_seq', 2, true);


--
-- Name: masters_masterimagesmodel_id_seq; Type: SEQUENCE SET; Schema: public; Owner: mak_us1
--

SELECT pg_catalog.setval('public.masters_masterimagesmodel_id_seq', 7, true);


--
-- Name: masters_mastermodel_id_seq; Type: SEQUENCE SET; Schema: public; Owner: mak_us1
--

SELECT pg_catalog.setval('public.masters_mastermodel_id_seq', 6, true);


--
-- Name: masters_mastermodel_profession_id_seq; Type: SEQUENCE SET; Schema: public; Owner: mak_us1
--

SELECT pg_catalog.setval('public.masters_mastermodel_profession_id_seq', 12, true);


--
-- Name: masters_masterprofessionmodel_id_seq; Type: SEQUENCE SET; Schema: public; Owner: mak_us1
--

SELECT pg_catalog.setval('public.masters_masterprofessionmodel_id_seq', 5, true);


--
-- Name: masters_masteruserwishlistmodel_id_seq; Type: SEQUENCE SET; Schema: public; Owner: mak_us1
--

SELECT pg_catalog.setval('public.masters_masteruserwishlistmodel_id_seq', 1, false);


--
-- Name: mebel_mebelcategorymodel_id_seq; Type: SEQUENCE SET; Schema: public; Owner: mak_us1
--

SELECT pg_catalog.setval('public.mebel_mebelcategorymodel_id_seq', 1, true);


--
-- Name: mebel_mebelmodel_id_seq; Type: SEQUENCE SET; Schema: public; Owner: mak_us1
--

SELECT pg_catalog.setval('public.mebel_mebelmodel_id_seq', 7, true);


--
-- Name: mebel_newmebelimages_id_seq; Type: SEQUENCE SET; Schema: public; Owner: mak_us1
--

SELECT pg_catalog.setval('public.mebel_newmebelimages_id_seq', 9, true);


--
-- Name: products_amenitiesmodel_id_seq; Type: SEQUENCE SET; Schema: public; Owner: mak_us1
--

SELECT pg_catalog.setval('public.products_amenitiesmodel_id_seq', 7, true);


--
-- Name: products_categorymodel_id_seq; Type: SEQUENCE SET; Schema: public; Owner: mak_us1
--

SELECT pg_catalog.setval('public.products_categorymodel_id_seq', 4, true);


--
-- Name: products_houseimagemodel_id_seq; Type: SEQUENCE SET; Schema: public; Owner: mak_us1
--

SELECT pg_catalog.setval('public.products_houseimagemodel_id_seq', 1, false);


--
-- Name: products_housemodel_amenities_id_seq; Type: SEQUENCE SET; Schema: public; Owner: mak_us1
--

SELECT pg_catalog.setval('public.products_housemodel_amenities_id_seq', 15, true);


--
-- Name: products_housemodel_id_seq; Type: SEQUENCE SET; Schema: public; Owner: mak_us1
--

SELECT pg_catalog.setval('public.products_housemodel_id_seq', 6, true);


--
-- Name: products_howsalemodel_id_seq; Type: SEQUENCE SET; Schema: public; Owner: mak_us1
--

SELECT pg_catalog.setval('public.products_howsalemodel_id_seq', 3, true);


--
-- Name: products_imagesmodel_id_seq; Type: SEQUENCE SET; Schema: public; Owner: mak_us1
--

SELECT pg_catalog.setval('public.products_imagesmodel_id_seq', 1, false);


--
-- Name: products_mapmodel_id_seq; Type: SEQUENCE SET; Schema: public; Owner: mak_us1
--

SELECT pg_catalog.setval('public.products_mapmodel_id_seq', 1, false);


--
-- Name: products_newhouseimages_id_seq; Type: SEQUENCE SET; Schema: public; Owner: mak_us1
--

SELECT pg_catalog.setval('public.products_newhouseimages_id_seq', 11, true);


--
-- Name: products_pricelistmodel_id_seq; Type: SEQUENCE SET; Schema: public; Owner: mak_us1
--

SELECT pg_catalog.setval('public.products_pricelistmodel_id_seq', 2, true);


--
-- Name: products_userwishlistmodel_id_seq; Type: SEQUENCE SET; Schema: public; Owner: mak_us1
--

SELECT pg_catalog.setval('public.products_userwishlistmodel_id_seq', 4, true);


--
-- Name: store_howstoreservicemodel_id_seq; Type: SEQUENCE SET; Schema: public; Owner: mak_us1
--

SELECT pg_catalog.setval('public.store_howstoreservicemodel_id_seq', 4, true);


--
-- Name: store_storeamenities_id_seq; Type: SEQUENCE SET; Schema: public; Owner: mak_us1
--

SELECT pg_catalog.setval('public.store_storeamenities_id_seq', 2, true);


--
-- Name: store_storebrandmodel_id_seq; Type: SEQUENCE SET; Schema: public; Owner: mak_us1
--

SELECT pg_catalog.setval('public.store_storebrandmodel_id_seq', 6, true);


--
-- Name: store_storemodel_id_seq; Type: SEQUENCE SET; Schema: public; Owner: mak_us1
--

SELECT pg_catalog.setval('public.store_storemodel_id_seq', 3, true);


--
-- Name: store_storemodel_store_amenitites_id_seq; Type: SEQUENCE SET; Schema: public; Owner: mak_us1
--

SELECT pg_catalog.setval('public.store_storemodel_store_amenitites_id_seq', 3, true);


--
-- Name: store_useformodel_id_seq; Type: SEQUENCE SET; Schema: public; Owner: mak_us1
--

SELECT pg_catalog.setval('public.store_useformodel_id_seq', 2, true);


--
-- Name: token_blacklist_blacklistedtoken_id_seq; Type: SEQUENCE SET; Schema: public; Owner: mak_us1
--

SELECT pg_catalog.setval('public.token_blacklist_blacklistedtoken_id_seq', 1, false);


--
-- Name: token_blacklist_outstandingtoken_id_seq; Type: SEQUENCE SET; Schema: public; Owner: mak_us1
--

SELECT pg_catalog.setval('public.token_blacklist_outstandingtoken_id_seq', 11, true);


--
-- Name: user_customuser_groups_id_seq; Type: SEQUENCE SET; Schema: public; Owner: mak_us1
--

SELECT pg_catalog.setval('public.user_customuser_groups_id_seq', 1, false);


--
-- Name: user_customuser_id_seq; Type: SEQUENCE SET; Schema: public; Owner: mak_us1
--

SELECT pg_catalog.setval('public.user_customuser_id_seq', 12, true);


--
-- Name: user_customuser_user_permissions_id_seq; Type: SEQUENCE SET; Schema: public; Owner: mak_us1
--

SELECT pg_catalog.setval('public.user_customuser_user_permissions_id_seq', 1, false);


--
-- Name: auth_group auth_group_name_key; Type: CONSTRAINT; Schema: public; Owner: mak_us1
--

ALTER TABLE ONLY public.auth_group
    ADD CONSTRAINT auth_group_name_key UNIQUE (name);


--
-- Name: auth_group_permissions auth_group_permissions_group_id_permission_id_0cd325b0_uniq; Type: CONSTRAINT; Schema: public; Owner: mak_us1
--

ALTER TABLE ONLY public.auth_group_permissions
    ADD CONSTRAINT auth_group_permissions_group_id_permission_id_0cd325b0_uniq UNIQUE (group_id, permission_id);


--
-- Name: auth_group_permissions auth_group_permissions_pkey; Type: CONSTRAINT; Schema: public; Owner: mak_us1
--

ALTER TABLE ONLY public.auth_group_permissions
    ADD CONSTRAINT auth_group_permissions_pkey PRIMARY KEY (id);


--
-- Name: auth_group auth_group_pkey; Type: CONSTRAINT; Schema: public; Owner: mak_us1
--

ALTER TABLE ONLY public.auth_group
    ADD CONSTRAINT auth_group_pkey PRIMARY KEY (id);


--
-- Name: auth_permission auth_permission_content_type_id_codename_01ab375a_uniq; Type: CONSTRAINT; Schema: public; Owner: mak_us1
--

ALTER TABLE ONLY public.auth_permission
    ADD CONSTRAINT auth_permission_content_type_id_codename_01ab375a_uniq UNIQUE (content_type_id, codename);


--
-- Name: auth_permission auth_permission_pkey; Type: CONSTRAINT; Schema: public; Owner: mak_us1
--

ALTER TABLE ONLY public.auth_permission
    ADD CONSTRAINT auth_permission_pkey PRIMARY KEY (id);


--
-- Name: authtoken_token authtoken_token_pkey; Type: CONSTRAINT; Schema: public; Owner: mak_us1
--

ALTER TABLE ONLY public.authtoken_token
    ADD CONSTRAINT authtoken_token_pkey PRIMARY KEY (key);


--
-- Name: authtoken_token authtoken_token_user_id_key; Type: CONSTRAINT; Schema: public; Owner: mak_us1
--

ALTER TABLE ONLY public.authtoken_token
    ADD CONSTRAINT authtoken_token_user_id_key UNIQUE (user_id);


--
-- Name: carousel_carouselmodel carousel_carouselmodel_pkey; Type: CONSTRAINT; Schema: public; Owner: mak_us1
--

ALTER TABLE ONLY public.carousel_carouselmodel
    ADD CONSTRAINT carousel_carouselmodel_pkey PRIMARY KEY (id);


--
-- Name: django_admin_log django_admin_log_pkey; Type: CONSTRAINT; Schema: public; Owner: mak_us1
--

ALTER TABLE ONLY public.django_admin_log
    ADD CONSTRAINT django_admin_log_pkey PRIMARY KEY (id);


--
-- Name: django_celery_beat_clockedschedule django_celery_beat_clockedschedule_pkey; Type: CONSTRAINT; Schema: public; Owner: mak_us1
--

ALTER TABLE ONLY public.django_celery_beat_clockedschedule
    ADD CONSTRAINT django_celery_beat_clockedschedule_pkey PRIMARY KEY (id);


--
-- Name: django_celery_beat_crontabschedule django_celery_beat_crontabschedule_pkey; Type: CONSTRAINT; Schema: public; Owner: mak_us1
--

ALTER TABLE ONLY public.django_celery_beat_crontabschedule
    ADD CONSTRAINT django_celery_beat_crontabschedule_pkey PRIMARY KEY (id);


--
-- Name: django_celery_beat_intervalschedule django_celery_beat_intervalschedule_pkey; Type: CONSTRAINT; Schema: public; Owner: mak_us1
--

ALTER TABLE ONLY public.django_celery_beat_intervalschedule
    ADD CONSTRAINT django_celery_beat_intervalschedule_pkey PRIMARY KEY (id);


--
-- Name: django_celery_beat_periodictask django_celery_beat_periodictask_name_key; Type: CONSTRAINT; Schema: public; Owner: mak_us1
--

ALTER TABLE ONLY public.django_celery_beat_periodictask
    ADD CONSTRAINT django_celery_beat_periodictask_name_key UNIQUE (name);


--
-- Name: django_celery_beat_periodictask django_celery_beat_periodictask_pkey; Type: CONSTRAINT; Schema: public; Owner: mak_us1
--

ALTER TABLE ONLY public.django_celery_beat_periodictask
    ADD CONSTRAINT django_celery_beat_periodictask_pkey PRIMARY KEY (id);


--
-- Name: django_celery_beat_periodictasks django_celery_beat_periodictasks_pkey; Type: CONSTRAINT; Schema: public; Owner: mak_us1
--

ALTER TABLE ONLY public.django_celery_beat_periodictasks
    ADD CONSTRAINT django_celery_beat_periodictasks_pkey PRIMARY KEY (ident);


--
-- Name: django_celery_beat_solarschedule django_celery_beat_solar_event_latitude_longitude_ba64999a_uniq; Type: CONSTRAINT; Schema: public; Owner: mak_us1
--

ALTER TABLE ONLY public.django_celery_beat_solarschedule
    ADD CONSTRAINT django_celery_beat_solar_event_latitude_longitude_ba64999a_uniq UNIQUE (event, latitude, longitude);


--
-- Name: django_celery_beat_solarschedule django_celery_beat_solarschedule_pkey; Type: CONSTRAINT; Schema: public; Owner: mak_us1
--

ALTER TABLE ONLY public.django_celery_beat_solarschedule
    ADD CONSTRAINT django_celery_beat_solarschedule_pkey PRIMARY KEY (id);


--
-- Name: django_content_type django_content_type_app_label_model_76bd3d3b_uniq; Type: CONSTRAINT; Schema: public; Owner: mak_us1
--

ALTER TABLE ONLY public.django_content_type
    ADD CONSTRAINT django_content_type_app_label_model_76bd3d3b_uniq UNIQUE (app_label, model);


--
-- Name: django_content_type django_content_type_pkey; Type: CONSTRAINT; Schema: public; Owner: mak_us1
--

ALTER TABLE ONLY public.django_content_type
    ADD CONSTRAINT django_content_type_pkey PRIMARY KEY (id);


--
-- Name: django_migrations django_migrations_pkey; Type: CONSTRAINT; Schema: public; Owner: mak_us1
--

ALTER TABLE ONLY public.django_migrations
    ADD CONSTRAINT django_migrations_pkey PRIMARY KEY (id);


--
-- Name: django_session django_session_pkey; Type: CONSTRAINT; Schema: public; Owner: mak_us1
--

ALTER TABLE ONLY public.django_session
    ADD CONSTRAINT django_session_pkey PRIMARY KEY (session_key);


--
-- Name: masters_howservicemodel masters_howservicemodel_pkey; Type: CONSTRAINT; Schema: public; Owner: mak_us1
--

ALTER TABLE ONLY public.masters_howservicemodel
    ADD CONSTRAINT masters_howservicemodel_pkey PRIMARY KEY (id);


--
-- Name: masters_masterimagesmodel masters_masterimagesmodel_pkey; Type: CONSTRAINT; Schema: public; Owner: mak_us1
--

ALTER TABLE ONLY public.masters_masterimagesmodel
    ADD CONSTRAINT masters_masterimagesmodel_pkey PRIMARY KEY (id);


--
-- Name: masters_mastermodel masters_mastermodel_pkey; Type: CONSTRAINT; Schema: public; Owner: mak_us1
--

ALTER TABLE ONLY public.masters_mastermodel
    ADD CONSTRAINT masters_mastermodel_pkey PRIMARY KEY (id);


--
-- Name: masters_mastermodel_profession masters_mastermodel_prof_mastermodel_id_masterpro_fea34121_uniq; Type: CONSTRAINT; Schema: public; Owner: mak_us1
--

ALTER TABLE ONLY public.masters_mastermodel_profession
    ADD CONSTRAINT masters_mastermodel_prof_mastermodel_id_masterpro_fea34121_uniq UNIQUE (mastermodel_id, masterprofessionmodel_id);


--
-- Name: masters_mastermodel_profession masters_mastermodel_profession_pkey; Type: CONSTRAINT; Schema: public; Owner: mak_us1
--

ALTER TABLE ONLY public.masters_mastermodel_profession
    ADD CONSTRAINT masters_mastermodel_profession_pkey PRIMARY KEY (id);


--
-- Name: masters_masterprofessionmodel masters_masterprofessionmodel_pkey; Type: CONSTRAINT; Schema: public; Owner: mak_us1
--

ALTER TABLE ONLY public.masters_masterprofessionmodel
    ADD CONSTRAINT masters_masterprofessionmodel_pkey PRIMARY KEY (id);


--
-- Name: masters_masteruserwishlistmodel masters_masteruserwishlistmodel_pkey; Type: CONSTRAINT; Schema: public; Owner: mak_us1
--

ALTER TABLE ONLY public.masters_masteruserwishlistmodel
    ADD CONSTRAINT masters_masteruserwishlistmodel_pkey PRIMARY KEY (id);


--
-- Name: mebel_mebelcategorymodel mebel_mebelcategorymodel_pkey; Type: CONSTRAINT; Schema: public; Owner: mak_us1
--

ALTER TABLE ONLY public.mebel_mebelcategorymodel
    ADD CONSTRAINT mebel_mebelcategorymodel_pkey PRIMARY KEY (id);


--
-- Name: mebel_mebelmodel mebel_mebelmodel_pkey; Type: CONSTRAINT; Schema: public; Owner: mak_us1
--

ALTER TABLE ONLY public.mebel_mebelmodel
    ADD CONSTRAINT mebel_mebelmodel_pkey PRIMARY KEY (id);


--
-- Name: mebel_newmebelimages mebel_newmebelimages_pkey; Type: CONSTRAINT; Schema: public; Owner: mak_us1
--

ALTER TABLE ONLY public.mebel_newmebelimages
    ADD CONSTRAINT mebel_newmebelimages_pkey PRIMARY KEY (id);


--
-- Name: products_amenitiesmodel products_amenitiesmodel_pkey; Type: CONSTRAINT; Schema: public; Owner: mak_us1
--

ALTER TABLE ONLY public.products_amenitiesmodel
    ADD CONSTRAINT products_amenitiesmodel_pkey PRIMARY KEY (id);


--
-- Name: products_categorymodel products_categorymodel_pkey; Type: CONSTRAINT; Schema: public; Owner: mak_us1
--

ALTER TABLE ONLY public.products_categorymodel
    ADD CONSTRAINT products_categorymodel_pkey PRIMARY KEY (id);


--
-- Name: products_houseimagemodel products_houseimagemodel_pkey; Type: CONSTRAINT; Schema: public; Owner: mak_us1
--

ALTER TABLE ONLY public.products_houseimagemodel
    ADD CONSTRAINT products_houseimagemodel_pkey PRIMARY KEY (id);


--
-- Name: products_housemodel_amenities products_housemodel_amen_housemodel_id_amenitiesm_0dbb63a7_uniq; Type: CONSTRAINT; Schema: public; Owner: mak_us1
--

ALTER TABLE ONLY public.products_housemodel_amenities
    ADD CONSTRAINT products_housemodel_amen_housemodel_id_amenitiesm_0dbb63a7_uniq UNIQUE (housemodel_id, amenitiesmodel_id);


--
-- Name: products_housemodel_amenities products_housemodel_amenities_pkey; Type: CONSTRAINT; Schema: public; Owner: mak_us1
--

ALTER TABLE ONLY public.products_housemodel_amenities
    ADD CONSTRAINT products_housemodel_amenities_pkey PRIMARY KEY (id);


--
-- Name: products_housemodel products_housemodel_pkey; Type: CONSTRAINT; Schema: public; Owner: mak_us1
--

ALTER TABLE ONLY public.products_housemodel
    ADD CONSTRAINT products_housemodel_pkey PRIMARY KEY (id);


--
-- Name: products_howsalemodel products_howsalemodel_pkey; Type: CONSTRAINT; Schema: public; Owner: mak_us1
--

ALTER TABLE ONLY public.products_howsalemodel
    ADD CONSTRAINT products_howsalemodel_pkey PRIMARY KEY (id);


--
-- Name: products_imagesmodel products_imagesmodel_pkey; Type: CONSTRAINT; Schema: public; Owner: mak_us1
--

ALTER TABLE ONLY public.products_imagesmodel
    ADD CONSTRAINT products_imagesmodel_pkey PRIMARY KEY (id);


--
-- Name: products_mapmodel products_mapmodel_pkey; Type: CONSTRAINT; Schema: public; Owner: mak_us1
--

ALTER TABLE ONLY public.products_mapmodel
    ADD CONSTRAINT products_mapmodel_pkey PRIMARY KEY (id);


--
-- Name: products_newhouseimages products_newhouseimages_pkey; Type: CONSTRAINT; Schema: public; Owner: mak_us1
--

ALTER TABLE ONLY public.products_newhouseimages
    ADD CONSTRAINT products_newhouseimages_pkey PRIMARY KEY (id);


--
-- Name: products_pricelistmodel products_pricelistmodel_pkey; Type: CONSTRAINT; Schema: public; Owner: mak_us1
--

ALTER TABLE ONLY public.products_pricelistmodel
    ADD CONSTRAINT products_pricelistmodel_pkey PRIMARY KEY (id);


--
-- Name: products_userwishlistmodel products_userwishlistmodel_pkey; Type: CONSTRAINT; Schema: public; Owner: mak_us1
--

ALTER TABLE ONLY public.products_userwishlistmodel
    ADD CONSTRAINT products_userwishlistmodel_pkey PRIMARY KEY (id);


--
-- Name: store_howstoreservicemodel store_howstoreservicemodel_pkey; Type: CONSTRAINT; Schema: public; Owner: mak_us1
--

ALTER TABLE ONLY public.store_howstoreservicemodel
    ADD CONSTRAINT store_howstoreservicemodel_pkey PRIMARY KEY (id);


--
-- Name: store_storeamenities store_storeamenities_pkey; Type: CONSTRAINT; Schema: public; Owner: mak_us1
--

ALTER TABLE ONLY public.store_storeamenities
    ADD CONSTRAINT store_storeamenities_pkey PRIMARY KEY (id);


--
-- Name: store_storebrandmodel store_storebrandmodel_pkey; Type: CONSTRAINT; Schema: public; Owner: mak_us1
--

ALTER TABLE ONLY public.store_storebrandmodel
    ADD CONSTRAINT store_storebrandmodel_pkey PRIMARY KEY (id);


--
-- Name: store_storemodel store_storemodel_pkey; Type: CONSTRAINT; Schema: public; Owner: mak_us1
--

ALTER TABLE ONLY public.store_storemodel
    ADD CONSTRAINT store_storemodel_pkey PRIMARY KEY (id);


--
-- Name: store_storemodel_store_amenitites store_storemodel_store_a_storemodel_id_storeameni_25a23619_uniq; Type: CONSTRAINT; Schema: public; Owner: mak_us1
--

ALTER TABLE ONLY public.store_storemodel_store_amenitites
    ADD CONSTRAINT store_storemodel_store_a_storemodel_id_storeameni_25a23619_uniq UNIQUE (storemodel_id, storeamenities_id);


--
-- Name: store_storemodel_store_amenitites store_storemodel_store_amenitites_pkey; Type: CONSTRAINT; Schema: public; Owner: mak_us1
--

ALTER TABLE ONLY public.store_storemodel_store_amenitites
    ADD CONSTRAINT store_storemodel_store_amenitites_pkey PRIMARY KEY (id);


--
-- Name: store_useformodel store_useformodel_pkey; Type: CONSTRAINT; Schema: public; Owner: mak_us1
--

ALTER TABLE ONLY public.store_useformodel
    ADD CONSTRAINT store_useformodel_pkey PRIMARY KEY (id);


--
-- Name: token_blacklist_blacklistedtoken token_blacklist_blacklistedtoken_pkey; Type: CONSTRAINT; Schema: public; Owner: mak_us1
--

ALTER TABLE ONLY public.token_blacklist_blacklistedtoken
    ADD CONSTRAINT token_blacklist_blacklistedtoken_pkey PRIMARY KEY (id);


--
-- Name: token_blacklist_blacklistedtoken token_blacklist_blacklistedtoken_token_id_key; Type: CONSTRAINT; Schema: public; Owner: mak_us1
--

ALTER TABLE ONLY public.token_blacklist_blacklistedtoken
    ADD CONSTRAINT token_blacklist_blacklistedtoken_token_id_key UNIQUE (token_id);


--
-- Name: token_blacklist_outstandingtoken token_blacklist_outstandingtoken_jti_hex_d9bdf6f7_uniq; Type: CONSTRAINT; Schema: public; Owner: mak_us1
--

ALTER TABLE ONLY public.token_blacklist_outstandingtoken
    ADD CONSTRAINT token_blacklist_outstandingtoken_jti_hex_d9bdf6f7_uniq UNIQUE (jti);


--
-- Name: token_blacklist_outstandingtoken token_blacklist_outstandingtoken_pkey; Type: CONSTRAINT; Schema: public; Owner: mak_us1
--

ALTER TABLE ONLY public.token_blacklist_outstandingtoken
    ADD CONSTRAINT token_blacklist_outstandingtoken_pkey PRIMARY KEY (id);


--
-- Name: user_customuser_groups user_customuser_groups_customuser_id_group_id_e0a2f621_uniq; Type: CONSTRAINT; Schema: public; Owner: mak_us1
--

ALTER TABLE ONLY public.user_customuser_groups
    ADD CONSTRAINT user_customuser_groups_customuser_id_group_id_e0a2f621_uniq UNIQUE (customuser_id, group_id);


--
-- Name: user_customuser_groups user_customuser_groups_pkey; Type: CONSTRAINT; Schema: public; Owner: mak_us1
--

ALTER TABLE ONLY public.user_customuser_groups
    ADD CONSTRAINT user_customuser_groups_pkey PRIMARY KEY (id);


--
-- Name: user_customuser user_customuser_phone_number_key; Type: CONSTRAINT; Schema: public; Owner: mak_us1
--

ALTER TABLE ONLY public.user_customuser
    ADD CONSTRAINT user_customuser_phone_number_key UNIQUE (phone_number);


--
-- Name: user_customuser user_customuser_pkey; Type: CONSTRAINT; Schema: public; Owner: mak_us1
--

ALTER TABLE ONLY public.user_customuser
    ADD CONSTRAINT user_customuser_pkey PRIMARY KEY (id);


--
-- Name: user_customuser_user_permissions user_customuser_user_per_customuser_id_permission_a5da865d_uniq; Type: CONSTRAINT; Schema: public; Owner: mak_us1
--

ALTER TABLE ONLY public.user_customuser_user_permissions
    ADD CONSTRAINT user_customuser_user_per_customuser_id_permission_a5da865d_uniq UNIQUE (customuser_id, permission_id);


--
-- Name: user_customuser_user_permissions user_customuser_user_permissions_pkey; Type: CONSTRAINT; Schema: public; Owner: mak_us1
--

ALTER TABLE ONLY public.user_customuser_user_permissions
    ADD CONSTRAINT user_customuser_user_permissions_pkey PRIMARY KEY (id);


--
-- Name: auth_group_name_a6ea08ec_like; Type: INDEX; Schema: public; Owner: mak_us1
--

CREATE INDEX auth_group_name_a6ea08ec_like ON public.auth_group USING btree (name varchar_pattern_ops);


--
-- Name: auth_group_permissions_group_id_b120cbf9; Type: INDEX; Schema: public; Owner: mak_us1
--

CREATE INDEX auth_group_permissions_group_id_b120cbf9 ON public.auth_group_permissions USING btree (group_id);


--
-- Name: auth_group_permissions_permission_id_84c5c92e; Type: INDEX; Schema: public; Owner: mak_us1
--

CREATE INDEX auth_group_permissions_permission_id_84c5c92e ON public.auth_group_permissions USING btree (permission_id);


--
-- Name: auth_permission_content_type_id_2f476e4b; Type: INDEX; Schema: public; Owner: mak_us1
--

CREATE INDEX auth_permission_content_type_id_2f476e4b ON public.auth_permission USING btree (content_type_id);


--
-- Name: authtoken_token_key_10f0b77e_like; Type: INDEX; Schema: public; Owner: mak_us1
--

CREATE INDEX authtoken_token_key_10f0b77e_like ON public.authtoken_token USING btree (key varchar_pattern_ops);


--
-- Name: django_admin_log_content_type_id_c4bce8eb; Type: INDEX; Schema: public; Owner: mak_us1
--

CREATE INDEX django_admin_log_content_type_id_c4bce8eb ON public.django_admin_log USING btree (content_type_id);


--
-- Name: django_admin_log_user_id_c564eba6; Type: INDEX; Schema: public; Owner: mak_us1
--

CREATE INDEX django_admin_log_user_id_c564eba6 ON public.django_admin_log USING btree (user_id);


--
-- Name: django_celery_beat_periodictask_clocked_id_47a69f82; Type: INDEX; Schema: public; Owner: mak_us1
--

CREATE INDEX django_celery_beat_periodictask_clocked_id_47a69f82 ON public.django_celery_beat_periodictask USING btree (clocked_id);


--
-- Name: django_celery_beat_periodictask_crontab_id_d3cba168; Type: INDEX; Schema: public; Owner: mak_us1
--

CREATE INDEX django_celery_beat_periodictask_crontab_id_d3cba168 ON public.django_celery_beat_periodictask USING btree (crontab_id);


--
-- Name: django_celery_beat_periodictask_interval_id_a8ca27da; Type: INDEX; Schema: public; Owner: mak_us1
--

CREATE INDEX django_celery_beat_periodictask_interval_id_a8ca27da ON public.django_celery_beat_periodictask USING btree (interval_id);


--
-- Name: django_celery_beat_periodictask_name_265a36b7_like; Type: INDEX; Schema: public; Owner: mak_us1
--

CREATE INDEX django_celery_beat_periodictask_name_265a36b7_like ON public.django_celery_beat_periodictask USING btree (name varchar_pattern_ops);


--
-- Name: django_celery_beat_periodictask_solar_id_a87ce72c; Type: INDEX; Schema: public; Owner: mak_us1
--

CREATE INDEX django_celery_beat_periodictask_solar_id_a87ce72c ON public.django_celery_beat_periodictask USING btree (solar_id);


--
-- Name: django_session_expire_date_a5c62663; Type: INDEX; Schema: public; Owner: mak_us1
--

CREATE INDEX django_session_expire_date_a5c62663 ON public.django_session USING btree (expire_date);


--
-- Name: django_session_session_key_c0390e0f_like; Type: INDEX; Schema: public; Owner: mak_us1
--

CREATE INDEX django_session_session_key_c0390e0f_like ON public.django_session USING btree (session_key varchar_pattern_ops);


--
-- Name: masters_masterimagesmodel_master_id_461af20e; Type: INDEX; Schema: public; Owner: mak_us1
--

CREATE INDEX masters_masterimagesmodel_master_id_461af20e ON public.masters_masterimagesmodel USING btree (master_id);


--
-- Name: masters_mastermodel_how_service_id_828fb905; Type: INDEX; Schema: public; Owner: mak_us1
--

CREATE INDEX masters_mastermodel_how_service_id_828fb905 ON public.masters_mastermodel USING btree (how_service_id);


--
-- Name: masters_mastermodel_owner_id_6387ab98; Type: INDEX; Schema: public; Owner: mak_us1
--

CREATE INDEX masters_mastermodel_owner_id_6387ab98 ON public.masters_mastermodel USING btree (owner_id);


--
-- Name: masters_mastermodel_profes_masterprofessionmodel_id_058d7792; Type: INDEX; Schema: public; Owner: mak_us1
--

CREATE INDEX masters_mastermodel_profes_masterprofessionmodel_id_058d7792 ON public.masters_mastermodel_profession USING btree (masterprofessionmodel_id);


--
-- Name: masters_mastermodel_profession_mastermodel_id_0fb957c7; Type: INDEX; Schema: public; Owner: mak_us1
--

CREATE INDEX masters_mastermodel_profession_mastermodel_id_0fb957c7 ON public.masters_mastermodel_profession USING btree (mastermodel_id);


--
-- Name: masters_masteruserwishlistmodel_master_id_d0e56335; Type: INDEX; Schema: public; Owner: mak_us1
--

CREATE INDEX masters_masteruserwishlistmodel_master_id_d0e56335 ON public.masters_masteruserwishlistmodel USING btree (master_id);


--
-- Name: masters_masteruserwishlistmodel_user_id_e70fc958; Type: INDEX; Schema: public; Owner: mak_us1
--

CREATE INDEX masters_masteruserwishlistmodel_user_id_e70fc958 ON public.masters_masteruserwishlistmodel USING btree (user_id);


--
-- Name: mebel_mebelmodel_category_id_f00dfb3d; Type: INDEX; Schema: public; Owner: mak_us1
--

CREATE INDEX mebel_mebelmodel_category_id_f00dfb3d ON public.mebel_mebelmodel USING btree (category_id);


--
-- Name: mebel_mebelmodel_creator_id_bec0054b; Type: INDEX; Schema: public; Owner: mak_us1
--

CREATE INDEX mebel_mebelmodel_creator_id_bec0054b ON public.mebel_mebelmodel USING btree (creator_id);


--
-- Name: mebel_mebelmodel_price_type_id_4b6130d4; Type: INDEX; Schema: public; Owner: mak_us1
--

CREATE INDEX mebel_mebelmodel_price_type_id_4b6130d4 ON public.mebel_mebelmodel USING btree (price_type_id);


--
-- Name: mebel_newmebelimages_product_id_c75bee96; Type: INDEX; Schema: public; Owner: mak_us1
--

CREATE INDEX mebel_newmebelimages_product_id_c75bee96 ON public.mebel_newmebelimages USING btree (product_id);


--
-- Name: products_houseimagemodel_property_id_id_5d38deb2; Type: INDEX; Schema: public; Owner: mak_us1
--

CREATE INDEX products_houseimagemodel_property_id_id_5d38deb2 ON public.products_houseimagemodel USING btree (property_id_id);


--
-- Name: products_housemodel_address_id_ca3cb6aa; Type: INDEX; Schema: public; Owner: mak_us1
--

CREATE INDEX products_housemodel_address_id_ca3cb6aa ON public.products_housemodel USING btree (address_id);


--
-- Name: products_housemodel_amenities_amenitiesmodel_id_b678a5db; Type: INDEX; Schema: public; Owner: mak_us1
--

CREATE INDEX products_housemodel_amenities_amenitiesmodel_id_b678a5db ON public.products_housemodel_amenities USING btree (amenitiesmodel_id);


--
-- Name: products_housemodel_amenities_housemodel_id_bb5d5f28; Type: INDEX; Schema: public; Owner: mak_us1
--

CREATE INDEX products_housemodel_amenities_housemodel_id_bb5d5f28 ON public.products_housemodel_amenities USING btree (housemodel_id);


--
-- Name: products_housemodel_category_id_ca4e0a8c; Type: INDEX; Schema: public; Owner: mak_us1
--

CREATE INDEX products_housemodel_category_id_ca4e0a8c ON public.products_housemodel USING btree (category_id);


--
-- Name: products_housemodel_creator_id_e7fca8f8; Type: INDEX; Schema: public; Owner: mak_us1
--

CREATE INDEX products_housemodel_creator_id_e7fca8f8 ON public.products_housemodel USING btree (creator_id);


--
-- Name: products_housemodel_how_sale_id_3787c628; Type: INDEX; Schema: public; Owner: mak_us1
--

CREATE INDEX products_housemodel_how_sale_id_3787c628 ON public.products_housemodel USING btree (how_sale_id);


--
-- Name: products_housemodel_price_type_id_d15fcfb5; Type: INDEX; Schema: public; Owner: mak_us1
--

CREATE INDEX products_housemodel_price_type_id_d15fcfb5 ON public.products_housemodel USING btree (price_type_id);


--
-- Name: products_newhouseimages_product_id_0b7b21fa; Type: INDEX; Schema: public; Owner: mak_us1
--

CREATE INDEX products_newhouseimages_product_id_0b7b21fa ON public.products_newhouseimages USING btree (product_id);


--
-- Name: products_userwishlistmodel_product_id_713f3622; Type: INDEX; Schema: public; Owner: mak_us1
--

CREATE INDEX products_userwishlistmodel_product_id_713f3622 ON public.products_userwishlistmodel USING btree (product_id);


--
-- Name: products_userwishlistmodel_user_id_af2457a9; Type: INDEX; Schema: public; Owner: mak_us1
--

CREATE INDEX products_userwishlistmodel_user_id_af2457a9 ON public.products_userwishlistmodel USING btree (user_id);


--
-- Name: store_storemodel_brand_title_id_94e84f8d; Type: INDEX; Schema: public; Owner: mak_us1
--

CREATE INDEX store_storemodel_brand_title_id_94e84f8d ON public.store_storemodel USING btree (brand_title_id);


--
-- Name: store_storemodel_creator_id_2d278925; Type: INDEX; Schema: public; Owner: mak_us1
--

CREATE INDEX store_storemodel_creator_id_2d278925 ON public.store_storemodel USING btree (creator_id);


--
-- Name: store_storemodel_how_store_service_id_c41a2d48; Type: INDEX; Schema: public; Owner: mak_us1
--

CREATE INDEX store_storemodel_how_store_service_id_c41a2d48 ON public.store_storemodel USING btree (how_store_service_id);


--
-- Name: store_storemodel_price_type_id_bc6c012e; Type: INDEX; Schema: public; Owner: mak_us1
--

CREATE INDEX store_storemodel_price_type_id_bc6c012e ON public.store_storemodel USING btree (price_type_id);


--
-- Name: store_storemodel_store_amenitites_storeamenities_id_771add98; Type: INDEX; Schema: public; Owner: mak_us1
--

CREATE INDEX store_storemodel_store_amenitites_storeamenities_id_771add98 ON public.store_storemodel_store_amenitites USING btree (storeamenities_id);


--
-- Name: store_storemodel_store_amenitites_storemodel_id_b81a4021; Type: INDEX; Schema: public; Owner: mak_us1
--

CREATE INDEX store_storemodel_store_amenitites_storemodel_id_b81a4021 ON public.store_storemodel_store_amenitites USING btree (storemodel_id);


--
-- Name: store_storemodel_use_for_id_5a19d8e9; Type: INDEX; Schema: public; Owner: mak_us1
--

CREATE INDEX store_storemodel_use_for_id_5a19d8e9 ON public.store_storemodel USING btree (use_for_id);


--
-- Name: token_blacklist_outstandingtoken_jti_hex_d9bdf6f7_like; Type: INDEX; Schema: public; Owner: mak_us1
--

CREATE INDEX token_blacklist_outstandingtoken_jti_hex_d9bdf6f7_like ON public.token_blacklist_outstandingtoken USING btree (jti varchar_pattern_ops);


--
-- Name: token_blacklist_outstandingtoken_user_id_83bc629a; Type: INDEX; Schema: public; Owner: mak_us1
--

CREATE INDEX token_blacklist_outstandingtoken_user_id_83bc629a ON public.token_blacklist_outstandingtoken USING btree (user_id);


--
-- Name: user_customuser_groups_customuser_id_192632a7; Type: INDEX; Schema: public; Owner: mak_us1
--

CREATE INDEX user_customuser_groups_customuser_id_192632a7 ON public.user_customuser_groups USING btree (customuser_id);


--
-- Name: user_customuser_groups_group_id_bcbc9e48; Type: INDEX; Schema: public; Owner: mak_us1
--

CREATE INDEX user_customuser_groups_group_id_bcbc9e48 ON public.user_customuser_groups USING btree (group_id);


--
-- Name: user_customuser_phone_number_bd7f969c_like; Type: INDEX; Schema: public; Owner: mak_us1
--

CREATE INDEX user_customuser_phone_number_bd7f969c_like ON public.user_customuser USING btree (phone_number varchar_pattern_ops);


--
-- Name: user_customuser_user_permissions_customuser_id_4552d9cc; Type: INDEX; Schema: public; Owner: mak_us1
--

CREATE INDEX user_customuser_user_permissions_customuser_id_4552d9cc ON public.user_customuser_user_permissions USING btree (customuser_id);


--
-- Name: user_customuser_user_permissions_permission_id_e57e8b9a; Type: INDEX; Schema: public; Owner: mak_us1
--

CREATE INDEX user_customuser_user_permissions_permission_id_e57e8b9a ON public.user_customuser_user_permissions USING btree (permission_id);


--
-- Name: auth_group_permissions auth_group_permissio_permission_id_84c5c92e_fk_auth_perm; Type: FK CONSTRAINT; Schema: public; Owner: mak_us1
--

ALTER TABLE ONLY public.auth_group_permissions
    ADD CONSTRAINT auth_group_permissio_permission_id_84c5c92e_fk_auth_perm FOREIGN KEY (permission_id) REFERENCES public.auth_permission(id) DEFERRABLE INITIALLY DEFERRED;


--
-- Name: auth_group_permissions auth_group_permissions_group_id_b120cbf9_fk_auth_group_id; Type: FK CONSTRAINT; Schema: public; Owner: mak_us1
--

ALTER TABLE ONLY public.auth_group_permissions
    ADD CONSTRAINT auth_group_permissions_group_id_b120cbf9_fk_auth_group_id FOREIGN KEY (group_id) REFERENCES public.auth_group(id) DEFERRABLE INITIALLY DEFERRED;


--
-- Name: auth_permission auth_permission_content_type_id_2f476e4b_fk_django_co; Type: FK CONSTRAINT; Schema: public; Owner: mak_us1
--

ALTER TABLE ONLY public.auth_permission
    ADD CONSTRAINT auth_permission_content_type_id_2f476e4b_fk_django_co FOREIGN KEY (content_type_id) REFERENCES public.django_content_type(id) DEFERRABLE INITIALLY DEFERRED;


--
-- Name: authtoken_token authtoken_token_user_id_35299eff_fk_user_customuser_id; Type: FK CONSTRAINT; Schema: public; Owner: mak_us1
--

ALTER TABLE ONLY public.authtoken_token
    ADD CONSTRAINT authtoken_token_user_id_35299eff_fk_user_customuser_id FOREIGN KEY (user_id) REFERENCES public.user_customuser(id) DEFERRABLE INITIALLY DEFERRED;


--
-- Name: django_admin_log django_admin_log_content_type_id_c4bce8eb_fk_django_co; Type: FK CONSTRAINT; Schema: public; Owner: mak_us1
--

ALTER TABLE ONLY public.django_admin_log
    ADD CONSTRAINT django_admin_log_content_type_id_c4bce8eb_fk_django_co FOREIGN KEY (content_type_id) REFERENCES public.django_content_type(id) DEFERRABLE INITIALLY DEFERRED;


--
-- Name: django_admin_log django_admin_log_user_id_c564eba6_fk_user_customuser_id; Type: FK CONSTRAINT; Schema: public; Owner: mak_us1
--

ALTER TABLE ONLY public.django_admin_log
    ADD CONSTRAINT django_admin_log_user_id_c564eba6_fk_user_customuser_id FOREIGN KEY (user_id) REFERENCES public.user_customuser(id) DEFERRABLE INITIALLY DEFERRED;


--
-- Name: django_celery_beat_periodictask django_celery_beat_p_clocked_id_47a69f82_fk_django_ce; Type: FK CONSTRAINT; Schema: public; Owner: mak_us1
--

ALTER TABLE ONLY public.django_celery_beat_periodictask
    ADD CONSTRAINT django_celery_beat_p_clocked_id_47a69f82_fk_django_ce FOREIGN KEY (clocked_id) REFERENCES public.django_celery_beat_clockedschedule(id) DEFERRABLE INITIALLY DEFERRED;


--
-- Name: django_celery_beat_periodictask django_celery_beat_p_crontab_id_d3cba168_fk_django_ce; Type: FK CONSTRAINT; Schema: public; Owner: mak_us1
--

ALTER TABLE ONLY public.django_celery_beat_periodictask
    ADD CONSTRAINT django_celery_beat_p_crontab_id_d3cba168_fk_django_ce FOREIGN KEY (crontab_id) REFERENCES public.django_celery_beat_crontabschedule(id) DEFERRABLE INITIALLY DEFERRED;


--
-- Name: django_celery_beat_periodictask django_celery_beat_p_interval_id_a8ca27da_fk_django_ce; Type: FK CONSTRAINT; Schema: public; Owner: mak_us1
--

ALTER TABLE ONLY public.django_celery_beat_periodictask
    ADD CONSTRAINT django_celery_beat_p_interval_id_a8ca27da_fk_django_ce FOREIGN KEY (interval_id) REFERENCES public.django_celery_beat_intervalschedule(id) DEFERRABLE INITIALLY DEFERRED;


--
-- Name: django_celery_beat_periodictask django_celery_beat_p_solar_id_a87ce72c_fk_django_ce; Type: FK CONSTRAINT; Schema: public; Owner: mak_us1
--

ALTER TABLE ONLY public.django_celery_beat_periodictask
    ADD CONSTRAINT django_celery_beat_p_solar_id_a87ce72c_fk_django_ce FOREIGN KEY (solar_id) REFERENCES public.django_celery_beat_solarschedule(id) DEFERRABLE INITIALLY DEFERRED;


--
-- Name: masters_masterimagesmodel masters_masterimages_master_id_461af20e_fk_masters_m; Type: FK CONSTRAINT; Schema: public; Owner: mak_us1
--

ALTER TABLE ONLY public.masters_masterimagesmodel
    ADD CONSTRAINT masters_masterimages_master_id_461af20e_fk_masters_m FOREIGN KEY (master_id) REFERENCES public.masters_mastermodel(id) DEFERRABLE INITIALLY DEFERRED;


--
-- Name: masters_mastermodel_profession masters_mastermodel__mastermodel_id_0fb957c7_fk_masters_m; Type: FK CONSTRAINT; Schema: public; Owner: mak_us1
--

ALTER TABLE ONLY public.masters_mastermodel_profession
    ADD CONSTRAINT masters_mastermodel__mastermodel_id_0fb957c7_fk_masters_m FOREIGN KEY (mastermodel_id) REFERENCES public.masters_mastermodel(id) DEFERRABLE INITIALLY DEFERRED;


--
-- Name: masters_mastermodel_profession masters_mastermodel__masterprofessionmode_058d7792_fk_masters_m; Type: FK CONSTRAINT; Schema: public; Owner: mak_us1
--

ALTER TABLE ONLY public.masters_mastermodel_profession
    ADD CONSTRAINT masters_mastermodel__masterprofessionmode_058d7792_fk_masters_m FOREIGN KEY (masterprofessionmodel_id) REFERENCES public.masters_masterprofessionmodel(id) DEFERRABLE INITIALLY DEFERRED;


--
-- Name: masters_mastermodel masters_mastermodel_how_service_id_828fb905_fk_masters_h; Type: FK CONSTRAINT; Schema: public; Owner: mak_us1
--

ALTER TABLE ONLY public.masters_mastermodel
    ADD CONSTRAINT masters_mastermodel_how_service_id_828fb905_fk_masters_h FOREIGN KEY (how_service_id) REFERENCES public.masters_howservicemodel(id) DEFERRABLE INITIALLY DEFERRED;


--
-- Name: masters_mastermodel masters_mastermodel_owner_id_6387ab98_fk_user_customuser_id; Type: FK CONSTRAINT; Schema: public; Owner: mak_us1
--

ALTER TABLE ONLY public.masters_mastermodel
    ADD CONSTRAINT masters_mastermodel_owner_id_6387ab98_fk_user_customuser_id FOREIGN KEY (owner_id) REFERENCES public.user_customuser(id) DEFERRABLE INITIALLY DEFERRED;


--
-- Name: masters_masteruserwishlistmodel masters_masteruserwi_master_id_d0e56335_fk_masters_m; Type: FK CONSTRAINT; Schema: public; Owner: mak_us1
--

ALTER TABLE ONLY public.masters_masteruserwishlistmodel
    ADD CONSTRAINT masters_masteruserwi_master_id_d0e56335_fk_masters_m FOREIGN KEY (master_id) REFERENCES public.masters_mastermodel(id) DEFERRABLE INITIALLY DEFERRED;


--
-- Name: masters_masteruserwishlistmodel masters_masteruserwi_user_id_e70fc958_fk_user_cust; Type: FK CONSTRAINT; Schema: public; Owner: mak_us1
--

ALTER TABLE ONLY public.masters_masteruserwishlistmodel
    ADD CONSTRAINT masters_masteruserwi_user_id_e70fc958_fk_user_cust FOREIGN KEY (user_id) REFERENCES public.user_customuser(id) DEFERRABLE INITIALLY DEFERRED;


--
-- Name: mebel_mebelmodel mebel_mebelmodel_category_id_f00dfb3d_fk_mebel_meb; Type: FK CONSTRAINT; Schema: public; Owner: mak_us1
--

ALTER TABLE ONLY public.mebel_mebelmodel
    ADD CONSTRAINT mebel_mebelmodel_category_id_f00dfb3d_fk_mebel_meb FOREIGN KEY (category_id) REFERENCES public.mebel_mebelcategorymodel(id) DEFERRABLE INITIALLY DEFERRED;


--
-- Name: mebel_mebelmodel mebel_mebelmodel_creator_id_bec0054b_fk_user_customuser_id; Type: FK CONSTRAINT; Schema: public; Owner: mak_us1
--

ALTER TABLE ONLY public.mebel_mebelmodel
    ADD CONSTRAINT mebel_mebelmodel_creator_id_bec0054b_fk_user_customuser_id FOREIGN KEY (creator_id) REFERENCES public.user_customuser(id) DEFERRABLE INITIALLY DEFERRED;


--
-- Name: mebel_mebelmodel mebel_mebelmodel_price_type_id_4b6130d4_fk_products_; Type: FK CONSTRAINT; Schema: public; Owner: mak_us1
--

ALTER TABLE ONLY public.mebel_mebelmodel
    ADD CONSTRAINT mebel_mebelmodel_price_type_id_4b6130d4_fk_products_ FOREIGN KEY (price_type_id) REFERENCES public.products_pricelistmodel(id) DEFERRABLE INITIALLY DEFERRED;


--
-- Name: mebel_newmebelimages mebel_newmebelimages_product_id_c75bee96_fk_mebel_mebelmodel_id; Type: FK CONSTRAINT; Schema: public; Owner: mak_us1
--

ALTER TABLE ONLY public.mebel_newmebelimages
    ADD CONSTRAINT mebel_newmebelimages_product_id_c75bee96_fk_mebel_mebelmodel_id FOREIGN KEY (product_id) REFERENCES public.mebel_mebelmodel(id) DEFERRABLE INITIALLY DEFERRED;


--
-- Name: products_houseimagemodel products_houseimagem_property_id_id_5d38deb2_fk_products_; Type: FK CONSTRAINT; Schema: public; Owner: mak_us1
--

ALTER TABLE ONLY public.products_houseimagemodel
    ADD CONSTRAINT products_houseimagem_property_id_id_5d38deb2_fk_products_ FOREIGN KEY (property_id_id) REFERENCES public.products_housemodel(id) DEFERRABLE INITIALLY DEFERRED;


--
-- Name: products_housemodel_amenities products_housemodel__amenitiesmodel_id_b678a5db_fk_products_; Type: FK CONSTRAINT; Schema: public; Owner: mak_us1
--

ALTER TABLE ONLY public.products_housemodel_amenities
    ADD CONSTRAINT products_housemodel__amenitiesmodel_id_b678a5db_fk_products_ FOREIGN KEY (amenitiesmodel_id) REFERENCES public.products_amenitiesmodel(id) DEFERRABLE INITIALLY DEFERRED;


--
-- Name: products_housemodel_amenities products_housemodel__housemodel_id_bb5d5f28_fk_products_; Type: FK CONSTRAINT; Schema: public; Owner: mak_us1
--

ALTER TABLE ONLY public.products_housemodel_amenities
    ADD CONSTRAINT products_housemodel__housemodel_id_bb5d5f28_fk_products_ FOREIGN KEY (housemodel_id) REFERENCES public.products_housemodel(id) DEFERRABLE INITIALLY DEFERRED;


--
-- Name: products_housemodel products_housemodel_address_id_ca3cb6aa_fk_products_mapmodel_id; Type: FK CONSTRAINT; Schema: public; Owner: mak_us1
--

ALTER TABLE ONLY public.products_housemodel
    ADD CONSTRAINT products_housemodel_address_id_ca3cb6aa_fk_products_mapmodel_id FOREIGN KEY (address_id) REFERENCES public.products_mapmodel(id) DEFERRABLE INITIALLY DEFERRED;


--
-- Name: products_housemodel products_housemodel_category_id_ca4e0a8c_fk_products_; Type: FK CONSTRAINT; Schema: public; Owner: mak_us1
--

ALTER TABLE ONLY public.products_housemodel
    ADD CONSTRAINT products_housemodel_category_id_ca4e0a8c_fk_products_ FOREIGN KEY (category_id) REFERENCES public.products_categorymodel(id) DEFERRABLE INITIALLY DEFERRED;


--
-- Name: products_housemodel products_housemodel_creator_id_e7fca8f8_fk_user_customuser_id; Type: FK CONSTRAINT; Schema: public; Owner: mak_us1
--

ALTER TABLE ONLY public.products_housemodel
    ADD CONSTRAINT products_housemodel_creator_id_e7fca8f8_fk_user_customuser_id FOREIGN KEY (creator_id) REFERENCES public.user_customuser(id) DEFERRABLE INITIALLY DEFERRED;


--
-- Name: products_housemodel products_housemodel_how_sale_id_3787c628_fk_products_; Type: FK CONSTRAINT; Schema: public; Owner: mak_us1
--

ALTER TABLE ONLY public.products_housemodel
    ADD CONSTRAINT products_housemodel_how_sale_id_3787c628_fk_products_ FOREIGN KEY (how_sale_id) REFERENCES public.products_howsalemodel(id) DEFERRABLE INITIALLY DEFERRED;


--
-- Name: products_housemodel products_housemodel_price_type_id_d15fcfb5_fk_products_; Type: FK CONSTRAINT; Schema: public; Owner: mak_us1
--

ALTER TABLE ONLY public.products_housemodel
    ADD CONSTRAINT products_housemodel_price_type_id_d15fcfb5_fk_products_ FOREIGN KEY (price_type_id) REFERENCES public.products_pricelistmodel(id) DEFERRABLE INITIALLY DEFERRED;


--
-- Name: products_newhouseimages products_newhouseima_product_id_0b7b21fa_fk_products_; Type: FK CONSTRAINT; Schema: public; Owner: mak_us1
--

ALTER TABLE ONLY public.products_newhouseimages
    ADD CONSTRAINT products_newhouseima_product_id_0b7b21fa_fk_products_ FOREIGN KEY (product_id) REFERENCES public.products_housemodel(id) DEFERRABLE INITIALLY DEFERRED;


--
-- Name: products_userwishlistmodel products_userwishlis_product_id_713f3622_fk_products_; Type: FK CONSTRAINT; Schema: public; Owner: mak_us1
--

ALTER TABLE ONLY public.products_userwishlistmodel
    ADD CONSTRAINT products_userwishlis_product_id_713f3622_fk_products_ FOREIGN KEY (product_id) REFERENCES public.products_housemodel(id) DEFERRABLE INITIALLY DEFERRED;


--
-- Name: products_userwishlistmodel products_userwishlis_user_id_af2457a9_fk_user_cust; Type: FK CONSTRAINT; Schema: public; Owner: mak_us1
--

ALTER TABLE ONLY public.products_userwishlistmodel
    ADD CONSTRAINT products_userwishlis_user_id_af2457a9_fk_user_cust FOREIGN KEY (user_id) REFERENCES public.user_customuser(id) DEFERRABLE INITIALLY DEFERRED;


--
-- Name: store_storemodel store_storemodel_brand_title_id_94e84f8d_fk_store_sto; Type: FK CONSTRAINT; Schema: public; Owner: mak_us1
--

ALTER TABLE ONLY public.store_storemodel
    ADD CONSTRAINT store_storemodel_brand_title_id_94e84f8d_fk_store_sto FOREIGN KEY (brand_title_id) REFERENCES public.store_storebrandmodel(id) DEFERRABLE INITIALLY DEFERRED;


--
-- Name: store_storemodel store_storemodel_creator_id_2d278925_fk_user_customuser_id; Type: FK CONSTRAINT; Schema: public; Owner: mak_us1
--

ALTER TABLE ONLY public.store_storemodel
    ADD CONSTRAINT store_storemodel_creator_id_2d278925_fk_user_customuser_id FOREIGN KEY (creator_id) REFERENCES public.user_customuser(id) DEFERRABLE INITIALLY DEFERRED;


--
-- Name: store_storemodel store_storemodel_how_store_service_id_c41a2d48_fk_store_how; Type: FK CONSTRAINT; Schema: public; Owner: mak_us1
--

ALTER TABLE ONLY public.store_storemodel
    ADD CONSTRAINT store_storemodel_how_store_service_id_c41a2d48_fk_store_how FOREIGN KEY (how_store_service_id) REFERENCES public.store_howstoreservicemodel(id) DEFERRABLE INITIALLY DEFERRED;


--
-- Name: store_storemodel store_storemodel_price_type_id_bc6c012e_fk_products_; Type: FK CONSTRAINT; Schema: public; Owner: mak_us1
--

ALTER TABLE ONLY public.store_storemodel
    ADD CONSTRAINT store_storemodel_price_type_id_bc6c012e_fk_products_ FOREIGN KEY (price_type_id) REFERENCES public.products_pricelistmodel(id) DEFERRABLE INITIALLY DEFERRED;


--
-- Name: store_storemodel_store_amenitites store_storemodel_sto_storeamenities_id_771add98_fk_store_sto; Type: FK CONSTRAINT; Schema: public; Owner: mak_us1
--

ALTER TABLE ONLY public.store_storemodel_store_amenitites
    ADD CONSTRAINT store_storemodel_sto_storeamenities_id_771add98_fk_store_sto FOREIGN KEY (storeamenities_id) REFERENCES public.store_storeamenities(id) DEFERRABLE INITIALLY DEFERRED;


--
-- Name: store_storemodel_store_amenitites store_storemodel_sto_storemodel_id_b81a4021_fk_store_sto; Type: FK CONSTRAINT; Schema: public; Owner: mak_us1
--

ALTER TABLE ONLY public.store_storemodel_store_amenitites
    ADD CONSTRAINT store_storemodel_sto_storemodel_id_b81a4021_fk_store_sto FOREIGN KEY (storemodel_id) REFERENCES public.store_storemodel(id) DEFERRABLE INITIALLY DEFERRED;


--
-- Name: store_storemodel store_storemodel_use_for_id_5a19d8e9_fk_store_useformodel_id; Type: FK CONSTRAINT; Schema: public; Owner: mak_us1
--

ALTER TABLE ONLY public.store_storemodel
    ADD CONSTRAINT store_storemodel_use_for_id_5a19d8e9_fk_store_useformodel_id FOREIGN KEY (use_for_id) REFERENCES public.store_useformodel(id) DEFERRABLE INITIALLY DEFERRED;


--
-- Name: token_blacklist_blacklistedtoken token_blacklist_blacklistedtoken_token_id_3cc7fe56_fk; Type: FK CONSTRAINT; Schema: public; Owner: mak_us1
--

ALTER TABLE ONLY public.token_blacklist_blacklistedtoken
    ADD CONSTRAINT token_blacklist_blacklistedtoken_token_id_3cc7fe56_fk FOREIGN KEY (token_id) REFERENCES public.token_blacklist_outstandingtoken(id) DEFERRABLE INITIALLY DEFERRED;


--
-- Name: token_blacklist_outstandingtoken token_blacklist_outs_user_id_83bc629a_fk_user_cust; Type: FK CONSTRAINT; Schema: public; Owner: mak_us1
--

ALTER TABLE ONLY public.token_blacklist_outstandingtoken
    ADD CONSTRAINT token_blacklist_outs_user_id_83bc629a_fk_user_cust FOREIGN KEY (user_id) REFERENCES public.user_customuser(id) DEFERRABLE INITIALLY DEFERRED;


--
-- Name: user_customuser_groups user_customuser_grou_customuser_id_192632a7_fk_user_cust; Type: FK CONSTRAINT; Schema: public; Owner: mak_us1
--

ALTER TABLE ONLY public.user_customuser_groups
    ADD CONSTRAINT user_customuser_grou_customuser_id_192632a7_fk_user_cust FOREIGN KEY (customuser_id) REFERENCES public.user_customuser(id) DEFERRABLE INITIALLY DEFERRED;


--
-- Name: user_customuser_groups user_customuser_groups_group_id_bcbc9e48_fk_auth_group_id; Type: FK CONSTRAINT; Schema: public; Owner: mak_us1
--

ALTER TABLE ONLY public.user_customuser_groups
    ADD CONSTRAINT user_customuser_groups_group_id_bcbc9e48_fk_auth_group_id FOREIGN KEY (group_id) REFERENCES public.auth_group(id) DEFERRABLE INITIALLY DEFERRED;


--
-- Name: user_customuser_user_permissions user_customuser_user_customuser_id_4552d9cc_fk_user_cust; Type: FK CONSTRAINT; Schema: public; Owner: mak_us1
--

ALTER TABLE ONLY public.user_customuser_user_permissions
    ADD CONSTRAINT user_customuser_user_customuser_id_4552d9cc_fk_user_cust FOREIGN KEY (customuser_id) REFERENCES public.user_customuser(id) DEFERRABLE INITIALLY DEFERRED;


--
-- Name: user_customuser_user_permissions user_customuser_user_permission_id_e57e8b9a_fk_auth_perm; Type: FK CONSTRAINT; Schema: public; Owner: mak_us1
--

ALTER TABLE ONLY public.user_customuser_user_permissions
    ADD CONSTRAINT user_customuser_user_permission_id_e57e8b9a_fk_auth_perm FOREIGN KEY (permission_id) REFERENCES public.auth_permission(id) DEFERRABLE INITIALLY DEFERRED;


--
-- PostgreSQL database dump complete
--

